date,close,open,high,low,volume
2020-11-09T00:00:00-05:00,91.19,92.97,93.55,91.17,1905000.0
2020-11-10T00:00:00-05:00,88.61,88.36,90.59,88.16,1760000.0
2020-11-11T00:00:00-05:00,89.87,89.89,91.71,89.39,1416000.0
2020-11-12T00:00:00-05:00,90.14,89.71,90.57,87.73,1265000.0
2020-11-13T00:00:00-05:00,91.71,90.6,92.4,90.6,954000.0
2020-11-16T00:00:00-05:00,91.56,91.88,92.43,91.06,910000.0
2020-11-17T00:00:00-05:00,91.41,91.21,92.18,90.11,1331000.0
2020-11-18T00:00:00-05:00,88.55,91.09,91.15,88.32,1534000.0
2020-11-19T00:00:00-05:00,89.47,88.31,89.91,87.88,1131000.0
2020-11-20T00:00:00-05:00,89.21,89.45,90.14,89.08,892000.0
2020-11-23T00:00:00-05:00,88.78,90.6,91.0,87.63,1813000.0
2020-11-24T00:00:00-05:00,86.99,89.29,89.41,86.87,896000.0
2020-11-25T00:00:00-05:00,88.01,87.28,88.07,86.81,1084000.0
2020-11-27T00:00:00-05:00,88.44,87.58,89.04,87.1,521000.0
2020-11-30T00:00:00-05:00,91.06,88.73,91.49,88.7,3209000.0
2020-12-01T00:00:00-05:00,88.89,91.97,92.69,88.74,2581000.0
2020-12-02T00:00:00-05:00,86.87,89.31,89.45,86.36,3238000.0
2020-12-03T00:00:00-05:00,87.07,86.43,87.58,86.14,2143000.0
2020-12-04T00:00:00-05:00,89.32,87.21,89.68,87.21,1634000.0
2020-12-07T00:00:00-05:00,88.36,90.04,90.04,87.72,1195000.0
2020-12-08T00:00:00-05:00,87.25,88.2,89.48,87.0,1407000.0
2020-12-09T00:00:00-05:00,85.33,87.22,87.22,85.11,1622000.0
2020-12-10T00:00:00-05:00,84.84,84.73,85.75,84.02,1423000.0
2020-12-11T00:00:00-05:00,84.86,84.74,86.4,84.32,1776000.0
2020-12-14T00:00:00-05:00,85.32,85.0,86.08,84.6,1506000.0
2020-12-15T00:00:00-05:00,86.64,85.32,87.21,85.04,1495000.0
2020-12-16T00:00:00-05:00,86.09,86.8,87.8,85.8,1089000.0
2020-12-17T00:00:00-05:00,89.4,86.48,89.52,86.48,2871000.0
2020-12-18T00:00:00-05:00,90.47,90.45,91.82,89.47,5254000.0
2020-12-21T00:00:00-05:00,91.59,88.95,92.45,88.06,2424000.0
2020-12-22T00:00:00-05:00,90.53,92.06,92.59,89.73,1470000.0
2020-12-23T00:00:00-05:00,90.78,90.18,92.01,90.18,917000.0
2020-12-24T00:00:00-05:00,90.66,90.8,91.6,90.31,431000.0
2020-12-28T00:00:00-05:00,93.95,91.52,95.12,91.1,3851000.0
2020-12-29T00:00:00-05:00,91.82,94.45,94.45,91.28,1091000.0
2020-12-30T00:00:00-05:00,92.5,91.95,92.76,90.62,1774000.0
2020-12-31T00:00:00-05:00,92.43,92.33,92.95,91.81,1400000.0
2021-01-04T00:00:00-05:00,89.53,93.22,93.68,89.1,2161000.0
2021-01-05T00:00:00-05:00,89.38,89.47,91.52,88.39,2421000.0
2021-01-06T00:00:00-05:00,89.67,89.55,91.71,89.15,2203000.0
2021-01-07T00:00:00-05:00,90.55,90.28,92.41,89.85,2116000.0
2021-01-08T00:00:00-05:00,91.95,91.14,92.45,90.68,1539000.0
2021-01-11T00:00:00-05:00,90.44,91.38,91.91,90.25,1182000.0
2021-01-12T00:00:00-05:00,88.23,90.23,90.84,88.22,1551000.0
2021-01-13T00:00:00-05:00,89.19,88.28,90.45,87.7,2188000.0
2021-01-14T00:00:00-05:00,86.83,89.15,89.96,86.6,2007000.0
2021-01-15T00:00:00-05:00,85.37,87.26,87.77,85.18,2118000.0
2021-01-19T00:00:00-05:00,87.2,85.99,87.78,85.12,3028000.0
2021-01-20T00:00:00-05:00,89.98,87.96,90.39,87.32,3039000.0
2021-01-21T00:00:00-05:00,91.2,90.5,91.5,89.4,2902000.0
2021-01-22T00:00:00-05:00,89.61,91.31,92.23,89.44,2965000.0
2021-01-25T00:00:00-05:00,90.93,90.2,91.07,88.23,3125000.0
2021-01-26T00:00:00-05:00,90.31,91.21,91.31,89.54,3451000.0
2021-01-27T00:00:00-05:00,88.97,89.3,90.17,87.8,4967000.0
2021-01-28T00:00:00-05:00,90.18,88.19,91.18,87.85,2883000.0
2021-01-29T00:00:00-05:00,89.97,89.06,90.9,88.75,3034000.0
2021-02-01T00:00:00-05:00,92.5,91.26,94.22,90.55,2373000.0
2021-02-02T00:00:00-05:00,92.04,93.59,93.66,89.76,4085000.0
2021-02-03T00:00:00-05:00,91.74,91.47,92.59,90.85,2362000.0
2021-02-04T00:00:00-05:00,91.94,93.0,95.28,91.25,4234000.0
2021-02-05T00:00:00-05:00,90.82,92.25,92.51,90.42,2106000.0
2021-02-08T00:00:00-05:00,90.03,90.93,91.81,89.5,2359000.0
2021-02-09T00:00:00-05:00,90.59,89.89,91.43,89.88,2660000.0
2021-02-10T00:00:00-05:00,92.5,91.77,92.52,90.41,1747000.0
2021-02-11T00:00:00-05:00,92.49,92.84,93.06,91.87,1392000.0
2021-02-12T00:00:00-05:00,93.98,92.88,93.98,91.43,1074000.0
2021-02-16T00:00:00-05:00,90.04,88.97,90.55,87.82,10810000.0
2021-02-17T00:00:00-05:00,91.07,88.13,91.11,87.09,5007000.0
2021-02-18T00:00:00-05:00,91.98,90.67,92.43,90.26,4976000.0
2021-02-19T00:00:00-05:00,91.32,92.56,92.99,90.56,4883000.0
2021-02-22T00:00:00-05:00,87.67,90.9,90.9,87.13,3917000.0
2021-02-23T00:00:00-05:00,86.7,87.0,88.08,84.64,3820000.0
2021-02-24T00:00:00-05:00,83.62,85.0,87.14,82.8,5972000.0
2021-02-25T00:00:00-05:00,82.0,83.31,84.77,80.96,4648000.0
2021-02-26T00:00:00-05:00,82.38,81.11,82.97,81.11,3131000.0
2021-03-01T00:00:00-05:00,81.5,82.31,83.0,81.04,8187000.0
2021-03-02T00:00:00-05:00,79.02,81.81,82.06,78.8,6030000.0
2021-03-03T00:00:00-05:00,76.28,78.5,79.55,76.07,4591000.0
2021-03-04T00:00:00-05:00,75.85,76.1,77.38,74.31,10247000.0
2021-03-05T00:00:00-05:00,79.87,80.2,82.5,77.4,13143000.0
2021-03-08T00:00:00-05:00,79.23,79.82,81.59,79.21,4639000.0
2021-03-09T00:00:00-05:00,81.5,80.86,83.17,80.35,3862000.0
2021-03-10T00:00:00-05:00,80.81,82.17,83.96,80.77,3743000.0
2021-03-11T00:00:00-05:00,81.73,81.28,82.95,80.29,3112000.0
2021-03-12T00:00:00-05:00,81.86,81.26,82.43,80.72,2967000.0
2021-03-15T00:00:00-04:00,83.79,82.28,84.13,81.95,2512000.0
2021-03-16T00:00:00-04:00,83.87,84.32,84.84,83.42,2223000.0
2021-03-17T00:00:00-04:00,82.3,83.47,83.9,81.38,3764000.0
2021-03-18T00:00:00-04:00,80.55,81.34,81.56,79.36,2743000.0
2021-03-19T00:00:00-04:00,81.87,80.7,82.11,80.41,4489000.0
2021-03-22T00:00:00-04:00,82.78,82.13,83.33,81.68,2102000.0
2021-03-23T00:00:00-04:00,83.08,83.69,83.82,82.42,1514000.0
2021-03-24T00:00:00-04:00,80.42,82.63,83.59,80.24,2668000.0
2021-03-25T00:00:00-04:00,80.32,79.91,80.59,79.22,2735000.0
2021-03-26T00:00:00-04:00,81.65,80.44,81.84,79.65,1583000.0
2021-03-29T00:00:00-04:00,80.96,81.37,82.37,80.07,2286000.0
2021-03-30T00:00:00-04:00,79.96,80.74,81.24,79.33,1682000.0
2021-03-31T00:00:00-04:00,82.19,80.35,83.29,80.02,3086000.0
2021-04-01T00:00:00-04:00,86.14,82.96,86.35,82.96,3235000.0
2021-04-05T00:00:00-04:00,84.82,86.22,86.22,83.83,2637000.0
2021-04-06T00:00:00-04:00,86.11,85.14,86.59,84.22,3296000.0
2021-04-07T00:00:00-04:00,85.99,85.76,86.32,84.77,3146000.0
2021-04-08T00:00:00-04:00,87.44,86.51,87.96,85.71,1876000.0
2021-04-09T00:00:00-04:00,88.75,87.41,88.82,86.98,1682000.0
2021-04-12T00:00:00-04:00,88.75,88.69,88.88,87.6,1843000.0
2021-04-13T00:00:00-04:00,90.57,89.3,91.32,88.66,2179000.0
2021-04-14T00:00:00-04:00,89.53,90.95,91.0,89.11,2250000.0
2021-04-15T00:00:00-04:00,91.34,91.1,93.15,90.7,2543000.0
2021-04-16T00:00:00-04:00,90.49,91.19,91.19,89.67,1485000.0
2021-04-19T00:00:00-04:00,89.9,90.47,90.68,89.2,1584000.0
2021-04-20T00:00:00-04:00,91.29,90.46,91.42,90.1,1782000.0
2021-04-21T00:00:00-04:00,90.93,91.45,91.8,90.51,1969000.0
2021-04-22T00:00:00-04:00,91.3,90.62,92.58,90.62,1145000.0
2021-04-23T00:00:00-04:00,93.37,91.68,93.88,91.47,1680000.0
2021-04-26T00:00:00-04:00,93.33,93.25,93.39,92.38,1062000.0
2021-04-27T00:00:00-04:00,93.68,93.9,94.35,92.92,1901000.0
2021-04-28T00:00:00-04:00,86.22,92.23,92.23,84.28,5204000.0
2021-04-29T00:00:00-04:00,87.88,86.78,88.34,86.0,1999000.0
2021-04-30T00:00:00-04:00,85.44,87.14,87.48,85.36,1510000.0
2021-05-03T00:00:00-04:00,85.89,86.62,86.86,84.66,1823000.0
2021-05-04T00:00:00-04:00,85.03,84.8,85.67,84.42,1520000.0
2021-05-05T00:00:00-04:00,83.4,85.46,85.63,82.96,1960000.0
2021-05-06T00:00:00-04:00,82.06,83.48,83.48,81.68,3227000.0
2021-05-07T00:00:00-04:00,85.07,83.01,85.76,82.2,2503000.0
2021-05-10T00:00:00-04:00,83.97,85.36,85.72,83.63,1979000.0
2021-05-11T00:00:00-04:00,84.75,82.2,85.31,82.14,2247000.0
2021-05-12T00:00:00-04:00,81.87,84.33,84.33,81.47,1868000.0
2021-05-13T00:00:00-04:00,81.08,82.61,82.61,80.52,2489000.0
2021-05-14T00:00:00-04:00,82.19,81.83,82.81,81.28,2493000.0
2021-05-17T00:00:00-04:00,81.8,82.29,82.29,80.93,1455000.0
2021-05-18T00:00:00-04:00,81.86,81.59,84.04,80.72,1709000.0
2021-05-19T00:00:00-04:00,82.91,80.74,82.97,80.74,1426000.0
2021-05-20T00:00:00-04:00,84.19,83.38,85.46,83.24,2349000.0
2021-05-21T00:00:00-04:00,83.87,85.11,85.96,83.63,1800000.0
2021-05-24T00:00:00-04:00,84.43,84.59,84.9,83.8,1551000.0
2021-05-25T00:00:00-04:00,84.99,84.86,85.82,84.51,1811000.0
2021-05-26T00:00:00-04:00,85.04,85.09,85.29,83.5,2164000.0
2021-05-27T00:00:00-04:00,84.48,85.16,85.58,84.07,2649000.0
2021-05-28T00:00:00-04:00,85.4,85.26,86.09,84.6,1718000.0
2021-06-01T00:00:00-04:00,85.43,85.82,86.3,84.78,2712000.0
2021-06-02T00:00:00-04:00,84.59,85.78,86.22,84.0,2244000.0
2021-06-03T00:00:00-04:00,83.61,84.04,84.31,83.3,1296000.0
2021-06-04T00:00:00-04:00,84.1,83.9,84.48,83.36,1366000.0
2021-06-07T00:00:00-04:00,82.79,83.6,83.99,82.53,2976000.0
2021-06-08T00:00:00-04:00,84.55,83.1,84.83,83.1,1423000.0
2021-06-09T00:00:00-04:00,84.83,85.0,85.39,84.73,1378000.0
2021-06-10T00:00:00-04:00,85.69,85.22,86.13,85.1,1454000.0
2021-06-11T00:00:00-04:00,86.97,85.87,87.15,85.54,2262000.0
2021-06-14T00:00:00-04:00,87.98,87.58,88.96,87.21,1764000.0
2021-06-15T00:00:00-04:00,86.84,88.35,89.33,86.54,1667000.0
2021-06-16T00:00:00-04:00,87.14,86.89,87.78,86.61,2225000.0
2021-06-17T00:00:00-04:00,89.36,86.95,89.71,86.65,1888000.0
2021-06-18T00:00:00-04:00,87.89,88.92,89.41,87.47,3502000.0
2021-06-21T00:00:00-04:00,90.1,88.42,90.99,87.74,2065000.0
2021-06-22T00:00:00-04:00,90.67,90.17,91.02,89.82,1595000.0
2021-06-23T00:00:00-04:00,89.04,90.37,90.57,88.87,2364000.0
2021-06-24T00:00:00-04:00,87.82,89.19,89.6,87.13,2857000.0
2021-06-25T00:00:00-04:00,88.26,87.6,88.79,86.93,9020000.0
2021-06-28T00:00:00-04:00,84.92,88.2,88.65,84.41,3357000.0
2021-06-29T00:00:00-04:00,83.29,85.6,85.94,82.9,5113100.0
2021-06-30T00:00:00-04:00,82.82,83.55,83.9,82.44,3364800.0
2021-07-01T00:00:00-04:00,83.25,83.42,84.65,82.7,2670800.0
2021-07-02T00:00:00-04:00,82.58,84.04,84.25,82.48,2810800.0
2021-07-06T00:00:00-04:00,83.58,82.7,83.99,82.07,3106000.0
2021-07-07T00:00:00-04:00,85.83,84.0,86.14,83.3,2629800.0
2021-07-08T00:00:00-04:00,85.08,84.76,86.49,84.23,1987500.0
2021-07-09T00:00:00-04:00,86.28,85.26,86.36,85.04,1141200.0
2021-07-12T00:00:00-04:00,86.04,86.61,86.75,85.44,1745500.0
2021-07-13T00:00:00-04:00,85.23,86.02,86.57,85.21,1547800.0
2021-07-14T00:00:00-04:00,85.87,85.35,86.45,85.04,1535300.0
2021-07-15T00:00:00-04:00,87.33,85.88,87.76,85.54,1964800.0
2021-07-16T00:00:00-04:00,87.35,87.36,88.2,86.43,2143000.0
2021-07-19T00:00:00-04:00,85.99,87.12,87.18,85.6,1423500.0
2021-07-20T00:00:00-04:00,88.1,86.28,88.86,86.1,2311300.0
2021-07-21T00:00:00-04:00,88.84,88.17,88.95,87.65,1378000.0
2021-07-22T00:00:00-04:00,89.16,88.66,89.57,88.21,1076200.0
2021-07-23T00:00:00-04:00,89.97,89.5,90.26,89.06,843000.0
2021-07-26T00:00:00-04:00,89.27,89.8,89.84,89.12,1264000.0
2021-07-27T00:00:00-04:00,89.02,88.93,89.58,87.51,1572400.0
2021-07-28T00:00:00-04:00,86.95,80.0,87.26,80.0,7182800.0
2021-07-29T00:00:00-04:00,87.5,86.62,89.47,86.06,2593500.0
2021-07-30T00:00:00-04:00,88.85,87.25,88.97,87.03,1943000.0
2021-08-02T00:00:00-04:00,88.9,89.13,89.62,88.36,1739300.0
2021-08-03T00:00:00-04:00,87.33,89.17,89.28,87.06,1286100.0
2021-08-04T00:00:00-04:00,86.26,85.64,87.64,85.63,1701100.0
2021-08-05T00:00:00-04:00,87.92,86.55,87.94,86.32,986300.0
2021-08-06T00:00:00-04:00,86.0,87.97,87.97,85.87,2063200.0
2021-08-09T00:00:00-04:00,85.63,86.37,86.67,85.51,821300.0
2021-08-10T00:00:00-04:00,85.05,86.07,86.74,84.21,1260500.0
2021-08-11T00:00:00-04:00,84.91,85.46,85.78,84.34,2070400.0
2021-08-12T00:00:00-04:00,83.97,84.39,84.85,83.62,887600.0
2021-08-13T00:00:00-04:00,84.45,85.56,85.56,83.82,1310800.0
2021-08-16T00:00:00-04:00,83.15,84.1,84.34,82.61,1466900.0
2021-08-17T00:00:00-04:00,83.19,82.75,83.4,82.5,1271600.0
2021-08-18T00:00:00-04:00,80.97,82.87,83.15,80.94,1318200.0
2021-08-19T00:00:00-04:00,82.16,80.47,82.31,80.29,1606200.0
2021-08-20T00:00:00-04:00,82.53,82.52,82.82,81.85,751000.0
2021-08-23T00:00:00-04:00,83.56,82.3,83.97,82.25,1108500.0
2021-08-24T00:00:00-04:00,84.37,83.44,85.03,83.27,1484700.0
2021-08-25T00:00:00-04:00,84.06,84.22,84.89,83.46,1192200.0
2021-08-26T00:00:00-04:00,82.8,84.13,84.35,82.79,1251300.0
2021-08-27T00:00:00-04:00,83.19,82.36,83.74,82.32,1042800.0
2021-08-30T00:00:00-04:00,83.99,83.16,83.99,82.8,1458400.0
2021-08-31T00:00:00-04:00,84.74,84.24,85.02,83.58,2250400.0
2021-09-01T00:00:00-04:00,86.84,84.97,86.97,84.68,2076900.0
2021-09-02T00:00:00-04:00,87.18,87.37,88.28,86.64,1734100.0
2021-09-03T00:00:00-04:00,87.86,87.26,87.94,86.72,1769600.0
2021-09-07T00:00:00-04:00,87.71,87.57,87.94,86.4,1862900.0
2021-09-08T00:00:00-04:00,88.66,87.66,88.87,87.41,949500.0
2021-09-09T00:00:00-04:00,89.69,88.59,89.91,88.13,1976000.0
2021-09-10T00:00:00-04:00,90.15,89.97,90.85,89.29,1799600.0
2021-09-13T00:00:00-04:00,89.37,90.74,90.81,89.21,1600600.0
2021-09-14T00:00:00-04:00,89.34,89.57,90.24,88.87,993700.0
2021-09-15T00:00:00-04:00,88.95,89.58,89.58,88.44,894600.0
2021-09-16T00:00:00-04:00,89.1,88.69,89.39,88.33,861000.0
2021-09-17T00:00:00-04:00,89.38,89.1,89.72,88.49,3187900.0
2021-09-20T00:00:00-04:00,88.72,88.79,89.27,87.61,1284200.0
2021-09-21T00:00:00-04:00,88.15,88.86,89.32,87.96,1315800.0
2021-09-22T00:00:00-04:00,88.37,88.65,89.08,87.84,1069900.0
2021-09-23T00:00:00-04:00,88.52,88.37,89.59,88.34,1594900.0
2021-09-24T00:00:00-04:00,88.34,87.78,88.6,87.14,1206400.0
2021-09-27T00:00:00-04:00,87.63,87.91,88.98,86.94,1852100.0
2021-09-28T00:00:00-04:00,85.38,87.16,87.21,85.02,1089100.0
2021-09-29T00:00:00-04:00,85.38,85.34,86.89,85.17,1100400.0
2021-09-30T00:00:00-04:00,86.06,85.53,86.68,85.51,1359100.0
2021-10-01T00:00:00-04:00,87.77,86.52,87.96,85.6,1174600.0
2021-10-04T00:00:00-04:00,85.79,87.6,87.74,85.45,1394700.0
2021-10-05T00:00:00-04:00,86.51,85.72,86.54,85.27,2123100.0
2021-10-06T00:00:00-04:00,86.34,86.42,86.62,85.3,1127200.0
2021-10-07T00:00:00-04:00,87.19,87.08,88.34,86.79,1023600.0
2021-10-08T00:00:00-04:00,86.88,87.05,87.47,86.04,742900.0
2021-10-11T00:00:00-04:00,86.53,87.03,87.58,86.44,745000.0
2021-10-12T00:00:00-04:00,87.16,86.97,87.86,86.73,649300.0
2021-10-13T00:00:00-04:00,89.38,87.56,89.47,87.03,922900.0
2021-10-14T00:00:00-04:00,92.35,90.0,92.42,90.0,841000.0
2021-10-15T00:00:00-04:00,93.8,92.65,94.39,92.38,1569400.0
2021-10-18T00:00:00-04:00,94.94,93.6,95.13,93.0,1365900.0
2021-10-19T00:00:00-04:00,96.52,95.25,96.63,95.19,910200.0
2021-10-20T00:00:00-04:00,96.82,97.08,97.25,96.23,792400.0
2021-10-21T00:00:00-04:00,98.54,96.72,98.62,96.19,984000.0
2021-10-22T00:00:00-04:00,99.29,98.83,99.78,98.55,967300.0
2021-10-25T00:00:00-04:00,99.19,99.35,99.84,98.95,890900.0
2021-10-26T00:00:00-04:00,99.74,99.66,101.05,99.4,1160300.0
2021-10-27T00:00:00-04:00,89.82,99.42,99.42,89.72,3639200.0
2021-10-28T00:00:00-04:00,87.57,89.77,91.45,87.22,2937600.0
2021-10-29T00:00:00-04:00,86.05,87.17,87.86,85.86,2791000.0
2021-11-01T00:00:00-04:00,85.15,86.13,86.26,84.12,2332600.0
2021-11-02T00:00:00-04:00,85.11,85.87,85.95,84.51,2173200.0
2021-11-03T00:00:00-04:00,84.42,85.11,85.42,83.07,1378200.0
2021-11-04T00:00:00-04:00,84.21,84.78,85.56,83.99,1635100.0
2021-11-05T00:00:00-04:00,83.25,84.48,84.78,82.81,1530200.0
2021-11-08T00:00:00-05:00,83.07,83.48,83.76,82.39,1547500.0
2021-11-09T00:00:00-05:00,83.25,83.12,83.6,82.67,1951700.0
2021-11-10T00:00:00-05:00,82.21,82.75,84.12,81.84,1614400.0
2021-11-11T00:00:00-05:00,81.65,82.35,82.98,81.09,1561200.0
2021-11-12T00:00:00-05:00,82.86,82.31,83.1,81.88,1543500.0
2021-11-15T00:00:00-05:00,83.81,82.53,84.05,82.53,1513300.0
2021-11-16T00:00:00-05:00,84.06,83.78,84.71,83.36,1469200.0
2021-11-17T00:00:00-05:00,82.57,83.69,84.24,81.99,1267000.0
2021-11-18T00:00:00-05:00,81.38,82.34,82.75,80.84,1694100.0
2021-11-19T00:00:00-05:00,81.57,82.01,82.36,81.28,1602600.0
2021-11-22T00:00:00-05:00,80.08,81.47,81.9,79.93,1700600.0
2021-11-23T00:00:00-05:00,80.26,79.6,80.44,79.33,1229900.0
2021-11-24T00:00:00-05:00,79.7,79.79,80.19,79.28,1094800.0
2021-11-26T00:00:00-05:00,77.59,79.19,79.54,77.37,824200.0
2021-11-29T00:00:00-05:00,79.99,79.39,80.38,77.99,2139800.0
2021-11-30T00:00:00-05:00,77.76,79.83,80.12,77.54,2487800.0
2021-12-01T00:00:00-05:00,75.23,79.44,79.44,75.16,1734800.0
2021-12-02T00:00:00-05:00,78.71,75.25,78.93,75.09,3043000.0
2021-12-03T00:00:00-05:00,78.77,79.4,79.81,78.21,3055500.0
2021-12-06T00:00:00-05:00,77.35,78.78,79.76,76.04,2611700.0
2021-12-07T00:00:00-05:00,78.82,79.97,79.97,78.55,1583600.0
2021-12-08T00:00:00-05:00,78.99,78.2,79.03,78.02,1726000.0
2021-12-09T00:00:00-05:00,78.8,79.06,79.62,78.14,3416100.0
2021-12-10T00:00:00-05:00,78.24,79.07,79.55,77.48,2102100.0
2021-12-13T00:00:00-05:00,78.04,78.25,78.5,77.6,2149900.0
2021-12-14T00:00:00-05:00,77.26,77.27,77.55,76.42,2477100.0
2021-12-15T00:00:00-05:00,78.07,77.42,78.33,76.55,1758600.0
2021-12-16T00:00:00-05:00,77.97,78.44,79.19,77.42,2204800.0
2021-12-17T00:00:00-05:00,78.7,77.74,79.03,76.27,4382900.0
2021-12-20T00:00:00-05:00,77.35,77.89,78.12,77.1,1886800.0
2021-12-21T00:00:00-05:00,78.35,77.96,78.48,77.53,1100600.0
2021-12-22T00:00:00-05:00,78.83,77.57,78.91,77.57,1288700.0
2021-12-23T00:00:00-05:00,79.94,79.2,80.42,78.85,1202500.0
2021-12-27T00:00:00-05:00,79.96,80.16,80.62,79.56,1046200.0
2021-12-28T00:00:00-05:00,79.75,80.32,80.51,79.65,806000.0
2021-12-29T00:00:00-05:00,79.85,79.88,80.11,79.58,965200.0
2021-12-30T00:00:00-05:00,80.17,80.02,80.83,79.92,1483900.0
2021-12-31T00:00:00-05:00,79.03,80.12,80.4,78.94,1207000.0
2022-01-03T00:00:00-05:00,78.84,79.35,79.73,77.68,1577100.0
2022-01-04T00:00:00-05:00,77.38,78.63,79.04,77.05,1475700.0
2022-01-05T00:00:00-05:00,74.75,78.67,78.67,74.68,2062000.0
2022-01-06T00:00:00-05:00,73.65,74.32,74.83,73.13,1887300.0
2022-01-07T00:00:00-05:00,71.88,73.65,73.94,71.66,2969600.0
2022-01-10T00:00:00-05:00,71.51,71.23,71.53,69.58,3385900.0
2022-01-11T00:00:00-05:00,75.29,71.95,75.58,71.85,2082400.0
2022-01-12T00:00:00-05:00,74.81,75.26,76.34,74.69,1557200.0
2022-01-13T00:00:00-05:00,74.02,74.97,75.67,73.71,2337900.0
2022-01-14T00:00:00-05:00,74.53,73.65,74.8,73.08,2052700.0
2022-01-18T00:00:00-05:00,73.15,73.81,74.24,72.77,1902300.0
2022-01-19T00:00:00-05:00,73.15,73.29,73.98,72.77,1445800.0
2022-01-20T00:00:00-05:00,72.3,73.33,74.52,72.08,1822500.0
2022-01-21T00:00:00-05:00,70.92,71.86,72.82,70.77,1351700.0
2022-01-24T00:00:00-05:00,69.65,70.45,70.45,66.35,3320800.0
2022-01-25T00:00:00-05:00,67.04,68.42,69.23,66.61,2747800.0
2022-01-26T00:00:00-05:00,65.98,67.94,68.8,65.51,2368800.0
2022-01-27T00:00:00-05:00,65.82,66.59,67.34,65.5,2025100.0
2022-01-28T00:00:00-05:00,67.37,66.2,67.51,64.78,1511500.0
2022-01-31T00:00:00-05:00,70.16,67.79,70.23,67.71,1813900.0
2022-02-01T00:00:00-05:00,70.51,70.43,71.09,67.5,1616300.0
2022-02-02T00:00:00-05:00,71.0,70.71,71.21,69.47,2098300.0
2022-02-03T00:00:00-05:00,68.22,69.75,69.95,68.15,1783700.0
2022-02-04T00:00:00-05:00,68.55,67.94,68.96,67.21,1800800.0
2022-02-07T00:00:00-05:00,69.4,68.45,70.33,68.42,1603300.0
2022-02-08T00:00:00-05:00,69.05,69.0,69.79,68.22,1706500.0
2022-02-09T00:00:00-05:00,71.04,70.64,71.19,70.01,1237700.0
2022-02-10T00:00:00-05:00,69.84,69.66,71.5,69.41,1288100.0
2022-02-11T00:00:00-05:00,65.99,69.84,70.11,65.77,3512600.0
2022-02-14T00:00:00-05:00,65.99,65.9,67.17,65.15,2348000.0
2022-02-15T00:00:00-05:00,67.69,67.33,67.79,65.83,2474500.0
2022-02-16T00:00:00-05:00,67.29,67.41,67.59,66.38,2648400.0
2022-02-17T00:00:00-05:00,65.65,66.62,67.08,65.57,1351800.0
2022-02-18T00:00:00-05:00,64.95,65.95,65.97,64.55,1594200.0
2022-02-22T00:00:00-05:00,62.94,64.92,65.13,62.69,3229700.0
2022-02-23T00:00:00-05:00,53.5,49.42,59.31,49.0,16502600.0
2022-02-24T00:00:00-05:00,60.6,51.64,60.74,51.44,8329700.0
2022-02-25T00:00:00-05:00,61.7,60.31,62.09,58.44,4450400.0
2022-02-28T00:00:00-05:00,61.01,61.26,61.43,59.04,4794600.0
2022-03-01T00:00:00-05:00,59.83,61.11,61.17,59.65,2383900.0
2022-03-02T00:00:00-05:00,59.72,60.12,60.94,59.35,2419300.0
2022-03-03T00:00:00-05:00,58.59,60.09,60.18,58.36,2133500.0
2022-03-04T00:00:00-05:00,57.92,58.09,58.79,57.34,1975200.0
2022-03-07T00:00:00-05:00,53.27,57.51,57.85,53.25,4140100.0
2022-03-08T00:00:00-05:00,54.31,53.71,55.69,53.3,4157500.0
2022-03-09T00:00:00-05:00,57.02,55.99,58.14,55.69,3755300.0
2022-03-10T00:00:00-05:00,56.08,55.72,56.3,55.11,2415400.0
2022-03-11T00:00:00-05:00,55.43,56.72,56.72,55.08,1430200.0
2022-03-14T00:00:00-04:00,55.95,55.76,56.75,55.62,2930900.0
2022-03-15T00:00:00-04:00,57.84,55.95,58.22,55.95,3294400.0
2022-03-16T00:00:00-04:00,59.53,58.79,60.78,58.24,3809400.0
2022-03-17T00:00:00-04:00,62.55,59.26,62.57,58.65,2601800.0
2022-03-18T00:00:00-04:00,65.21,61.77,65.59,61.77,5690000.0
2022-03-21T00:00:00-04:00,64.53,64.54,65.19,63.24,2506800.0
2022-03-22T00:00:00-04:00,66.99,64.65,67.01,64.3,2589400.0
2022-03-23T00:00:00-04:00,66.82,66.52,67.26,65.48,4319100.0
2022-03-24T00:00:00-04:00,67.44,67.02,67.45,66.23,2922200.0
2022-03-25T00:00:00-04:00,67.56,67.7,67.95,66.3,2233000.0
2022-03-28T00:00:00-04:00,68.39,67.63,68.46,66.62,1703000.0
2022-03-29T00:00:00-04:00,69.59,69.33,70.18,68.46,1652800.0
2022-03-30T00:00:00-04:00,67.99,68.95,69.28,67.64,2169300.0
2022-03-31T00:00:00-04:00,66.61,68.41,68.41,66.46,2341900.0
2022-04-01T00:00:00-04:00,66.0,66.7,67.48,65.45,2091300.0
2022-04-04T00:00:00-04:00,67.64,66.79,67.97,66.46,1764300.0
2022-04-05T00:00:00-04:00,66.98,67.9,68.39,66.85,1377200.0
2022-04-06T00:00:00-04:00,65.43,65.62,65.82,63.83,1666200.0
2022-04-07T00:00:00-04:00,64.57,65.37,66.38,63.53,2429400.0
2022-04-08T00:00:00-04:00,63.52,64.15,64.69,63.15,2081400.0
2022-04-11T00:00:00-04:00,63.63,63.3,64.24,62.25,2009600.0
2022-04-12T00:00:00-04:00,62.29,64.68,64.68,62.08,1989200.0
2022-04-13T00:00:00-04:00,63.5,62.55,63.7,61.81,1225500.0
2022-04-14T00:00:00-04:00,61.82,63.83,64.21,61.74,1271000.0
2022-04-18T00:00:00-04:00,61.07,61.81,61.81,60.27,1886900.0
2022-04-19T00:00:00-04:00,63.33,61.32,63.68,61.07,1853200.0
2022-04-20T00:00:00-04:00,63.33,63.62,63.85,62.76,1570200.0
2022-04-21T00:00:00-04:00,62.0,63.62,64.48,61.36,2243400.0
2022-04-22T00:00:00-04:00,61.2,62.27,62.63,60.93,1988100.0
2022-04-25T00:00:00-04:00,62.65,61.39,62.66,60.79,2199700.0
2022-04-26T00:00:00-04:00,59.99,62.27,62.62,59.89,2669500.0
2022-04-27T00:00:00-04:00,63.72,62.89,65.85,62.0,3152100.0
2022-04-28T00:00:00-04:00,65.46,64.55,65.76,63.13,2357500.0
2022-04-29T00:00:00-04:00,63.62,65.09,65.93,63.57,2338200.0
2022-05-02T00:00:00-04:00,64.42,63.72,64.57,62.81,1876800.0
2022-05-03T00:00:00-04:00,63.36,63.73,64.22,63.14,1666800.0
2022-05-04T00:00:00-04:00,64.6,63.3,64.66,61.22,2278300.0
2022-05-05T00:00:00-04:00,61.0,63.9,64.32,60.13,1634800.0
2022-05-06T00:00:00-04:00,59.11,61.08,61.08,58.38,1513400.0
2022-05-09T00:00:00-04:00,58.06,58.61,58.94,56.88,2619200.0
2022-05-10T00:00:00-04:00,56.97,60.0,60.0,55.73,3841400.0
2022-05-11T00:00:00-04:00,54.19,57.06,57.37,54.02,2926700.0
2022-05-12T00:00:00-04:00,55.58,53.8,56.4,53.51,1947400.0
2022-05-13T00:00:00-04:00,58.19,56.41,58.67,56.41,1598900.0
2022-05-16T00:00:00-04:00,56.98,57.81,58.18,56.03,2313600.0
2022-05-17T00:00:00-04:00,58.08,58.11,58.12,56.43,2414500.0
2022-05-18T00:00:00-04:00,55.39,56.91,58.04,55.11,2143800.0
2022-05-19T00:00:00-04:00,56.81,55.39,57.69,55.12,1565600.0
2022-05-20T00:00:00-04:00,57.16,57.85,57.96,55.4,1551400.0
2022-05-23T00:00:00-04:00,57.83,57.5,57.92,55.68,1762100.0
2022-05-24T00:00:00-04:00,57.45,57.19,57.74,55.61,1550400.0
2022-05-25T00:00:00-04:00,58.9,57.5,59.39,57.27,1734200.0
2022-05-26T00:00:00-04:00,59.37,59.03,59.82,58.45,1878700.0
2022-05-27T00:00:00-04:00,61.5,59.72,61.54,59.28,1724000.0
2022-05-31T00:00:00-04:00,60.94,60.96,61.81,60.42,2109100.0
2022-06-01T00:00:00-04:00,61.23,61.24,62.13,60.09,1724900.0
2022-06-02T00:00:00-04:00,63.99,61.18,64.0,61.07,1793100.0
2022-06-03T00:00:00-04:00,62.52,62.92,63.63,62.14,1242300.0
2022-06-06T00:00:00-04:00,61.13,62.32,62.81,60.89,1805100.0
2022-06-07T00:00:00-04:00,61.96,60.78,62.05,60.64,1043500.0
2022-06-08T00:00:00-04:00,61.25,61.42,62.28,60.68,2020400.0
2022-06-09T00:00:00-04:00,59.69,61.16,61.44,59.67,1021800.0
2022-06-10T00:00:00-04:00,58.59,58.77,59.13,57.9,1621700.0
2022-06-13T00:00:00-04:00,55.82,56.87,57.94,55.58,1809900.0
2022-06-14T00:00:00-04:00,55.17,55.93,56.33,54.61,2193000.0
2022-06-15T00:00:00-04:00,56.35,56.08,57.34,55.07,3233200.0
2022-06-16T00:00:00-04:00,55.16,55.16,55.26,54.02,1829800.0
2022-06-17T00:00:00-04:00,56.06,55.41,56.92,55.04,2618400.0
2022-06-21T00:00:00-04:00,56.07,57.04,57.18,55.97,2409900.0
2022-06-22T00:00:00-04:00,57.82,55.72,58.28,55.5,2046700.0
2022-06-23T00:00:00-04:00,59.38,58.26,59.44,57.64,1784600.0
2022-06-24T00:00:00-04:00,62.85,60.0,63.19,59.6,7278800.0
2022-06-27T00:00:00-04:00,61.68,62.85,62.85,61.43,1341600.0
2022-06-28T00:00:00-04:00,60.34,61.5,62.07,60.16,1533100.0
2022-06-29T00:00:00-04:00,60.21,60.44,60.77,58.82,1569700.0
2022-06-30T00:00:00-04:00,60.41,59.43,60.62,58.08,2235800.0
2022-07-01T00:00:00-04:00,61.32,60.31,61.53,60.11,1031900.0
2022-07-05T00:00:00-04:00,61.87,60.91,61.96,60.0,1146300.0
2022-07-06T00:00:00-04:00,62.07,62.0,62.19,61.18,1325800.0
2022-07-07T00:00:00-04:00,61.68,61.85,62.66,61.44,2738700.0
2022-07-08T00:00:00-04:00,61.8,61.01,61.87,60.63,1557500.0
2022-07-11T00:00:00-04:00,61.46,61.54,62.01,60.73,1466400.0
2022-07-12T00:00:00-04:00,59.7,61.17,61.81,59.42,1448500.0
2022-07-13T00:00:00-04:00,59.3,58.63,60.12,57.92,1128400.0
2022-07-14T00:00:00-04:00,57.94,58.98,59.25,57.54,2024400.0
2022-07-15T00:00:00-04:00,59.91,58.93,59.96,58.37,1192900.0
2022-07-18T00:00:00-04:00,59.08,60.17,60.77,58.89,744300.0
2022-07-19T00:00:00-04:00,61.13,59.88,61.2,59.26,959000.0
2022-07-20T00:00:00-04:00,62.3,61.56,62.86,61.39,1967400.0
2022-07-21T00:00:00-04:00,62.59,62.55,62.79,61.67,1702400.0
2022-07-22T00:00:00-04:00,61.81,62.5,62.93,61.44,1073300.0
2022-07-25T00:00:00-04:00,61.59,61.8,62.15,60.55,1788000.0
2022-07-26T00:00:00-04:00,60.7,61.53,61.53,60.27,1517900.0
2022-07-27T00:00:00-04:00,69.68,64.0,69.69,63.82,5597800.0
2022-07-28T00:00:00-04:00,70.92,69.85,71.26,69.34,2838700.0
2022-07-29T00:00:00-04:00,72.59,70.39,72.74,70.39,2412600.0
2022-08-01T00:00:00-04:00,71.16,71.92,72.26,70.88,1194000.0
2022-08-02T00:00:00-04:00,70.99,70.59,71.82,70.15,1908100.0
2022-08-03T00:00:00-04:00,72.52,71.31,73.08,71.26,1211400.0
2022-08-04T00:00:00-04:00,72.87,72.69,72.97,71.34,1133500.0
2022-08-05T00:00:00-04:00,72.87,71.66,72.93,71.52,1072600.0
2022-08-08T00:00:00-04:00,72.87,72.95,73.86,72.5,1137400.0
2022-08-09T00:00:00-04:00,72.89,72.38,73.43,71.67,1018600.0
2022-08-10T00:00:00-04:00,74.73,74.41,74.82,73.83,1489400.0
2022-08-11T00:00:00-04:00,73.86,74.7,75.96,73.69,1672200.0
2022-08-12T00:00:00-04:00,75.06,74.04,75.18,73.82,967700.0
2022-08-15T00:00:00-04:00,75.39,74.55,75.66,74.55,944400.0
2022-08-16T00:00:00-04:00,75.13,74.7,75.59,74.7,985900.0
2022-08-17T00:00:00-04:00,73.5,74.38,74.82,73.49,952800.0
2022-08-18T00:00:00-04:00,73.5,73.67,73.74,73.18,839900.0
2022-08-19T00:00:00-04:00,71.74,72.57,72.8,71.57,1311400.0
2022-08-22T00:00:00-04:00,71.57,71.04,71.69,70.63,1184000.0
2022-08-23T00:00:00-04:00,71.44,71.07,72.23,71.07,2640000.0
2022-08-24T00:00:00-04:00,71.05,71.4,71.82,70.92,934900.0
2022-08-25T00:00:00-04:00,72.5,71.62,72.67,70.91,877300.0
2022-08-26T00:00:00-04:00,70.32,72.11,72.44,70.15,745700.0
2022-08-29T00:00:00-04:00,69.89,69.99,70.5,69.56,809800.0
2022-08-30T00:00:00-04:00,69.71,70.07,70.75,69.08,933300.0
2022-08-31T00:00:00-04:00,69.64,70.11,70.71,69.58,1567400.0
2022-09-01T00:00:00-04:00,69.99,69.04,70.03,67.52,1484500.0
2022-09-02T00:00:00-04:00,70.89,70.67,72.61,69.7,2893600.0
2022-09-06T00:00:00-04:00,76.2,75.0,76.92,74.69,9180200.0
2022-09-07T00:00:00-04:00,78.07,75.68,78.35,75.42,4329000.0
2022-09-08T00:00:00-04:00,78.56,77.24,79.26,77.04,3213100.0
2022-09-09T00:00:00-04:00,78.42,78.41,79.14,77.83,3404800.0
2022-09-12T00:00:00-04:00,78.44,78.32,79.15,77.31,4335800.0
2022-09-13T00:00:00-04:00,76.64,76.78,78.15,76.3,3385000.0
2022-09-14T00:00:00-04:00,73.97,74.73,75.57,72.81,4363200.0
2022-09-15T00:00:00-04:00,72.49,73.28,74.88,71.86,4374800.0
2022-09-16T00:00:00-04:00,70.45,71.07,72.13,69.92,54034900.0
2022-09-19T00:00:00-04:00,72.07,69.91,72.2,69.75,3900200.0
2022-09-20T00:00:00-04:00,70.78,71.54,71.54,70.19,2617100.0
2022-09-21T00:00:00-04:00,69.65,71.26,73.0,69.65,1969100.0
2022-09-22T00:00:00-04:00,70.1,69.31,70.54,68.16,4023100.0
2022-09-23T00:00:00-04:00,69.57,69.94,69.94,68.18,3030900.0
2022-09-26T00:00:00-04:00,69.59,69.54,71.55,69.39,2841600.0
2022-09-27T00:00:00-04:00,70.01,69.62,70.65,69.17,2253400.0
2022-09-28T00:00:00-04:00,72.23,70.56,72.32,70.46,2647500.0
2022-09-29T00:00:00-04:00,70.69,71.47,71.97,69.93,2546500.0
2022-09-30T00:00:00-04:00,69.65,70.83,71.89,69.59,2440600.0
2022-10-03T00:00:00-04:00,71.99,70.16,72.44,69.61,2257300.0
2022-10-04T00:00:00-04:00,73.77,73.33,74.48,73.01,2893300.0
2022-10-05T00:00:00-04:00,74.4,73.56,74.97,72.55,2068900.0
2022-10-06T00:00:00-04:00,75.21,73.82,75.82,73.72,2035600.0
2022-10-07T00:00:00-04:00,73.47,74.15,74.68,73.15,1779400.0
2022-10-10T00:00:00-04:00,72.71,73.5,73.52,71.82,1434600.0
2022-10-11T00:00:00-04:00,72.37,72.2,73.84,71.36,2073500.0
2022-10-12T00:00:00-04:00,71.45,72.42,72.55,71.43,2335400.0
2022-10-13T00:00:00-04:00,71.67,69.3,72.27,68.86,3069600.0
2022-10-14T00:00:00-04:00,70.3,72.7,72.8,70.16,1809700.0
2022-10-17T00:00:00-04:00,72.08,71.21,72.47,71.07,1470500.0
2022-10-18T00:00:00-04:00,73.35,73.8,74.4,72.62,1689100.0
2022-10-19T00:00:00-04:00,72.29,72.73,72.86,71.62,1449400.0
2022-10-20T00:00:00-04:00,70.57,72.16,72.68,70.5,1694200.0
2022-10-21T00:00:00-04:00,71.8,70.45,72.31,69.42,2316200.0
2022-10-24T00:00:00-04:00,71.39,72.78,72.78,70.86,2697200.0
2022-10-25T00:00:00-04:00,74.5,71.65,74.64,71.5,2888800.0
2022-10-26T00:00:00-04:00,80.04,78.77,81.53,77.75,5832700.0
2022-10-27T00:00:00-04:00,81.62,80.52,82.07,80.16,3646400.0
2022-10-28T00:00:00-04:00,82.88,82.0,83.38,81.75,2207500.0
2022-10-31T00:00:00-04:00,82.72,82.23,83.44,80.93,3113000.0
2022-11-01T00:00:00-04:00,81.19,83.7,83.7,81.0,2414700.0
2022-11-02T00:00:00-04:00,79.18,80.99,82.41,78.98,2653500.0
2022-11-03T00:00:00-04:00,79.89,78.41,80.9,77.93,2056300.0
2022-11-04T00:00:00-04:00,79.97,80.78,80.78,77.81,1986800.0
2022-11-07T00:00:00-05:00,80.35,80.49,80.84,79.35,3313700.0
2022-11-08T00:00:00-05:00,80.17,80.89,81.55,79.78,2680400.0
2022-11-09T00:00:00-05:00,79.78,79.8,80.15,78.64,2126800.0
2022-11-10T00:00:00-05:00,84.16,83.37,85.24,82.97,3250700.0
2022-11-11T00:00:00-05:00,83.28,84.47,85.37,83.19,2170500.0
2022-11-14T00:00:00-05:00,82.21,83.18,83.79,82.14,2161400.0
2022-11-15T00:00:00-05:00,82.71,83.21,83.93,82.23,1958100.0
2022-11-16T00:00:00-05:00,82.47,82.72,83.17,81.93,2090100.0
2022-11-17T00:00:00-05:00,80.75,81.35,81.83,80.27,1671300.0
2022-11-18T00:00:00-05:00,80.8,82.52,83.21,80.46,2592200.0
2022-11-21T00:00:00-05:00,80.56,81.0,81.81,80.38,1916700.0
2022-11-22T00:00:00-05:00,79.43,80.71,80.91,79.05,3006700.0
2022-11-23T00:00:00-05:00,80.02,79.37,80.51,79.0,1839300.0
2022-11-25T00:00:00-05:00,79.98,80.25,81.01,79.35,1208300.0
2022-11-28T00:00:00-05:00,78.74,79.84,80.17,78.56,1875900.0
2022-11-29T00:00:00-05:00,78.25,78.27,78.58,77.91,1903300.0
2022-11-30T00:00:00-05:00,81.04,78.29,81.32,77.91,5665700.0
2022-12-01T00:00:00-05:00,82.95,81.15,83.07,81.08,2588900.0
2022-12-02T00:00:00-05:00,83.46,82.75,83.78,81.63,2211400.0
2022-12-05T00:00:00-05:00,81.78,82.43,83.21,81.59,2217900.0
2022-12-06T00:00:00-05:00,80.96,81.87,81.87,80.33,1500300.0
2022-12-07T00:00:00-05:00,80.16,81.17,81.5,79.8,1566300.0
2022-12-08T00:00:00-05:00,82.39,80.4,82.44,80.25,2088700.0
2022-12-09T00:00:00-05:00,80.7,82.93,82.93,80.62,1806500.0
2022-12-12T00:00:00-05:00,81.94,81.01,81.96,80.41,2467100.0
2022-12-13T00:00:00-05:00,82.0,84.12,85.06,81.78,3177900.0
2022-12-14T00:00:00-05:00,81.26,81.93,82.87,80.75,3062300.0
2022-12-15T00:00:00-05:00,77.88,80.14,80.38,77.8,2933200.0
2022-12-16T00:00:00-05:00,77.98,77.88,79.42,76.99,24253000.0
2022-12-19T00:00:00-05:00,77.16,77.12,78.49,77.1,2282300.0
2022-12-20T00:00:00-05:00,76.7,77.16,77.36,76.19,2379800.0
2022-12-21T00:00:00-05:00,77.94,77.06,78.28,76.06,1751200.0
2022-12-22T00:00:00-05:00,77.25,77.38,77.44,75.61,1958700.0
2022-12-23T00:00:00-05:00,76.89,77.03,77.62,76.36,878200.0
2022-12-27T00:00:00-05:00,76.75,77.01,77.62,76.08,922600.0
2022-12-28T00:00:00-05:00,76.05,76.97,77.5,75.91,1035700.0
2022-12-29T00:00:00-05:00,77.67,76.7,78.05,76.5,1169900.0
2022-12-30T00:00:00-05:00,77.28,76.9,77.51,76.27,1258300.0
2023-01-03T00:00:00-05:00,77.65,78.29,78.63,76.59,1277300.0
2023-01-04T00:00:00-05:00,78.0,78.6,78.8,77.45,1359400.0
2023-01-05T00:00:00-05:00,74.9,76.99,77.45,74.65,1664900.0
2023-01-06T00:00:00-05:00,77.12,75.8,77.32,74.16,1602600.0
2023-01-09T00:00:00-05:00,77.08,77.46,78.59,76.72,1481300.0
2023-01-10T00:00:00-05:00,77.83,76.61,77.85,76.14,993100.0
2023-01-11T00:00:00-05:00,80.75,78.39,80.8,78.27,2073400.0
2023-01-12T00:00:00-05:00,80.32,80.33,80.51,79.3,1668900.0
2023-01-13T00:00:00-05:00,81.05,80.29,81.13,79.85,985600.0
2023-01-17T00:00:00-05:00,79.62,81.11,81.15,79.52,1671300.0
2023-01-18T00:00:00-05:00,78.08,80.27,80.42,77.83,1549000.0
2023-01-19T00:00:00-05:00,76.62,77.32,78.27,76.53,1489300.0
2023-01-20T00:00:00-05:00,78.52,76.41,78.63,76.03,1680900.0
2023-01-23T00:00:00-05:00,78.75,78.52,79.99,78.29,1573900.0
2023-01-24T00:00:00-05:00,78.63,78.7,78.93,78.09,1545600.0
2023-01-25T00:00:00-05:00,77.37,77.47,78.38,76.36,3347200.0
2023-01-26T00:00:00-05:00,78.71,78.04,78.89,77.31,1870400.0
2023-01-27T00:00:00-05:00,77.78,78.59,78.59,77.72,2292200.0
2023-01-30T00:00:00-05:00,77.9,77.47,78.45,77.25,1524900.0
2023-01-31T00:00:00-05:00,77.9,78.14,78.53,77.4,2262200.0
2023-02-01T00:00:00-05:00,79.01,77.88,79.59,76.44,3179500.0
2023-02-02T00:00:00-05:00,80.01,79.7,80.35,78.88,3046300.0
2023-02-03T00:00:00-05:00,76.58,78.98,79.22,76.24,2444100.0
2023-02-06T00:00:00-05:00,75.73,75.69,76.15,74.91,2401600.0
2023-02-07T00:00:00-05:00,77.86,75.7,78.08,74.96,1826900.0
2023-02-08T00:00:00-05:00,76.51,77.79,77.9,76.04,1297200.0
2023-02-09T00:00:00-05:00,75.79,77.24,78.01,75.65,1591700.0
2023-02-10T00:00:00-05:00,75.96,75.29,76.04,74.71,1539400.0
2023-02-13T00:00:00-05:00,77.08,76.4,77.22,76.15,1516600.0
2023-02-14T00:00:00-05:00,76.78,76.59,77.7,75.8,1602600.0
2023-02-15T00:00:00-05:00,78.9,76.65,79.05,76.4,2063800.0
2023-02-16T00:00:00-05:00,78.18,77.58,79.3,77.44,1998200.0
2023-02-17T00:00:00-05:00,77.56,77.66,78.3,77.08,2286600.0
2023-02-21T00:00:00-05:00,76.02,77.06,77.97,75.85,2093800.0
2023-02-22T00:00:00-05:00,72.13,72.6,74.85,70.68,9931300.0
2023-02-23T00:00:00-05:00,70.74,72.36,72.63,69.97,6524400.0
2023-02-24T00:00:00-05:00,70.73,69.62,71.05,69.62,2844300.0
2023-02-27T00:00:00-05:00,70.89,71.47,71.9,70.63,2346000.0
2023-02-28T00:00:00-05:00,70.66,70.75,71.41,70.38,3442700.0
2023-03-01T00:00:00-05:00,70.03,70.3,70.68,69.83,2236800.0
2023-03-02T00:00:00-05:00,71.22,70.0,71.3,69.84,1732000.0
2023-03-03T00:00:00-05:00,72.41,71.14,72.76,71.14,1999000.0
2023-03-06T00:00:00-05:00,71.87,72.2,72.83,71.66,1425400.0
2023-03-07T00:00:00-05:00,70.64,72.1,72.39,70.41,1514400.0
2023-03-08T00:00:00-05:00,70.36,70.38,71.0,70.0,1364800.0
2023-03-09T00:00:00-05:00,68.87,70.65,70.69,68.7,1794900.0
2023-03-10T00:00:00-05:00,67.08,68.74,68.74,66.79,2120300.0
2023-03-13T00:00:00-04:00,66.84,66.85,67.79,66.28,2045800.0
2023-03-14T00:00:00-04:00,67.62,67.66,68.0,66.83,2626600.0
2023-03-15T00:00:00-04:00,67.35,66.91,67.54,66.07,1970100.0
2023-03-16T00:00:00-04:00,67.75,66.78,68.08,66.7,1826500.0
2023-03-17T00:00:00-04:00,66.93,67.46,67.92,66.4,3460100.0
2023-03-20T00:00:00-04:00,66.76,66.98,67.42,66.39,1771500.0
2023-03-21T00:00:00-04:00,67.86,67.22,67.94,67.22,1776000.0
2023-03-22T00:00:00-04:00,65.99,67.81,67.81,65.93,1489600.0
2023-03-23T00:00:00-04:00,65.85,65.86,66.8,65.12,2067400.0
2023-03-24T00:00:00-04:00,67.14,65.85,67.17,65.37,3402500.0
2023-03-27T00:00:00-04:00,67.88,67.87,68.25,67.17,3105900.0
2023-03-28T00:00:00-04:00,67.4,67.79,68.16,67.03,1697900.0
2023-03-29T00:00:00-04:00,68.21,68.14,68.51,67.74,1687300.0
2023-03-30T00:00:00-04:00,68.15,68.6,68.78,67.89,2328300.0
2023-03-31T00:00:00-04:00,68.85,68.36,69.02,68.04,2082500.0
2023-04-03T00:00:00-04:00,68.77,68.46,68.83,67.88,1397700.0
2023-04-04T00:00:00-04:00,68.02,68.46,68.96,67.66,2200300.0
2023-04-05T00:00:00-04:00,67.75,67.67,68.15,67.67,1798100.0
2023-04-06T00:00:00-04:00,68.36,67.76,68.58,67.41,2071000.0
2023-04-10T00:00:00-04:00,68.82,67.99,69.0,67.22,2182300.0
2023-04-11T00:00:00-04:00,68.8,69.23,69.38,68.3,1116600.0
2023-04-12T00:00:00-04:00,68.59,69.47,69.55,68.5,1211900.0
2023-04-13T00:00:00-04:00,69.77,69.09,69.87,68.74,1039200.0
2023-04-14T00:00:00-04:00,69.22,69.48,69.97,68.67,1052700.0
2023-04-17T00:00:00-04:00,69.69,69.42,69.71,68.94,763800.0
2023-04-18T00:00:00-04:00,69.86,70.0,70.26,69.86,2076900.0
2023-04-19T00:00:00-04:00,69.69,69.43,69.97,68.8,1002000.0
2023-04-20T00:00:00-04:00,69.01,69.27,69.94,68.75,1229500.0
2023-04-21T00:00:00-04:00,70.0,69.16,70.07,68.96,1491800.0
2023-04-24T00:00:00-04:00,70.26,69.97,70.33,69.38,1857500.0
2023-04-25T00:00:00-04:00,68.5,69.85,70.06,68.47,2064400.0
2023-04-26T00:00:00-04:00,71.92,68.27,72.07,68.1,3921500.0
2023-04-27T00:00:00-04:00,77.17,72.54,77.45,72.49,4991300.0
2023-04-28T00:00:00-04:00,76.95,77.22,78.62,76.61,3078800.0
2023-05-01T00:00:00-04:00,76.11,77.09,77.33,75.64,2096400.0
2023-05-02T00:00:00-04:00,74.75,76.17,76.18,74.24,1950400.0
2023-05-03T00:00:00-04:00,73.7,75.0,75.28,73.6,1151100.0
2023-05-04T00:00:00-04:00,74.34,73.82,74.82,73.06,1264800.0
2023-05-05T00:00:00-04:00,74.6,74.52,74.9,74.27,1615000.0
2023-05-08T00:00:00-04:00,74.3,73.61,74.52,73.44,1116200.0
2023-05-09T00:00:00-04:00,74.0,74.32,74.8,73.88,1207800.0
2023-05-10T00:00:00-04:00,75.45,74.65,75.74,74.37,1208700.0
2023-05-11T00:00:00-04:00,74.97,75.44,75.64,74.63,1148100.0
2023-05-12T00:00:00-04:00,75.37,75.25,75.59,74.77,1159600.0
2023-05-15T00:00:00-04:00,75.98,75.49,76.26,75.15,869800.0
2023-05-16T00:00:00-04:00,75.87,75.67,76.12,75.01,1032800.0
2023-05-17T00:00:00-04:00,76.0,76.03,76.71,74.92,1305900.0
2023-05-18T00:00:00-04:00,78.03,76.0,78.16,75.74,1615900.0
2023-05-19T00:00:00-04:00,78.5,78.43,78.7,77.84,1529700.0
2023-05-22T00:00:00-04:00,79.85,78.66,80.07,78.49,1639900.0
2023-05-23T00:00:00-04:00,78.5,79.69,79.83,78.28,1678800.0
2023-05-24T00:00:00-04:00,78.66,78.34,78.87,78.08,1392500.0
2023-05-25T00:00:00-04:00,77.52,78.48,78.69,77.41,1747400.0
2023-05-26T00:00:00-04:00,78.49,77.5,78.68,77.07,1890800.0
2023-05-30T00:00:00-04:00,78.65,79.01,79.41,78.16,1667100.0
2023-05-31T00:00:00-04:00,79.4,78.63,79.62,78.38,2363700.0
2023-06-01T00:00:00-04:00,79.73,79.62,80.02,78.72,1576100.0
2023-06-02T00:00:00-04:00,81.88,80.11,82.13,80.1,2127900.0
2023-06-05T00:00:00-04:00,82.0,81.91,82.44,81.4,1542200.0
2023-06-06T00:00:00-04:00,82.31,82.0,82.85,81.64,1519700.0
2023-06-07T00:00:00-04:00,79.65,82.29,82.43,79.53,2192700.0
2023-06-08T00:00:00-04:00,80.94,79.19,81.04,78.9,1551100.0
2023-06-09T00:00:00-04:00,80.14,80.28,80.67,79.24,1719000.0
2023-06-12T00:00:00-04:00,80.73,80.05,80.93,79.41,2311300.0
2023-06-13T00:00:00-04:00,81.96,80.75,82.2,80.43,2121600.0
2023-06-14T00:00:00-04:00,82.8,81.96,83.0,81.67,2540000.0
2023-06-15T00:00:00-04:00,84.07,82.36,84.19,81.85,2818500.0
2023-06-16T00:00:00-04:00,84.14,84.59,84.84,83.47,7615600.0
2023-06-20T00:00:00-04:00,85.31,83.57,85.53,83.04,3312000.0
2023-06-21T00:00:00-04:00,87.58,85.07,88.09,84.77,5264700.0
2023-06-22T00:00:00-04:00,86.4,87.35,87.81,86.28,4342200.0
2023-06-23T00:00:00-04:00,86.75,85.9,87.85,85.8,7951700.0
2023-06-26T00:00:00-04:00,87.81,86.57,88.22,86.2,3440500.0
2023-06-27T00:00:00-04:00,89.92,87.95,90.15,87.63,3876200.0
2023-06-28T00:00:00-04:00,89.33,89.8,91.31,89.02,3993800.0
2023-06-29T00:00:00-04:00,90.12,88.59,90.24,88.11,3542300.0
2023-06-30T00:00:00-04:00,89.0,91.09,92.36,88.68,32325800.0
2023-07-03T00:00:00-04:00,87.51,88.24,88.38,86.76,3396100.0
2023-07-05T00:00:00-04:00,88.62,88.06,88.67,86.64,3546100.0
2023-07-06T00:00:00-04:00,88.04,87.65,88.23,86.7,2790900.0
2023-07-07T00:00:00-04:00,86.78,87.56,88.3,86.7,2146500.0
2023-07-10T00:00:00-04:00,88.12,87.05,88.29,86.9,2155900.0
2023-07-11T00:00:00-04:00,88.33,88.15,88.58,87.43,2737900.0
2023-07-12T00:00:00-04:00,88.54,89.13,89.3,87.6,2642500.0
2023-07-13T00:00:00-04:00,88.69,88.92,89.8,88.58,2344200.0
2023-07-14T00:00:00-04:00,89.29,88.45,89.3,87.94,1899300.0
2023-07-17T00:00:00-04:00,90.61,89.28,90.91,89.05,1664500.0
2023-07-18T00:00:00-04:00,91.23,90.6,91.45,90.15,1968500.0
2023-07-19T00:00:00-04:00,91.61,91.65,92.3,91.24,2101600.0
2023-07-20T00:00:00-04:00,90.22,91.46,91.99,90.03,1648400.0
2023-07-21T00:00:00-04:00,90.68,90.52,91.37,89.92,6804200.0
2023-07-24T00:00:00-04:00,90.58,90.85,91.01,90.02,2530000.0
2023-07-25T00:00:00-04:00,91.8,90.24,91.93,90.24,2542000.0
2023-07-26T00:00:00-04:00,84.38,86.83,87.58,81.68,6483700.0
2023-07-27T00:00:00-04:00,80.16,84.53,84.84,80.07,4846900.0
2023-07-28T00:00:00-04:00,81.68,81.34,82.37,80.83,3090600.0
2023-07-31T00:00:00-04:00,83.97,81.83,84.05,81.56,2638600.0
2023-08-01T00:00:00-04:00,83.12,83.38,83.5,82.79,1897800.0
2023-08-02T00:00:00-04:00,82.18,83.0,83.12,81.96,1528900.0
2023-08-03T00:00:00-04:00,80.92,81.89,82.44,80.62,1752700.0
2023-08-04T00:00:00-04:00,81.41,81.14,82.48,80.58,1220400.0
2023-08-07T00:00:00-04:00,81.55,81.56,81.91,81.08,1260700.0
2023-08-08T00:00:00-04:00,81.88,81.15,82.1,80.55,1249600.0
2023-08-09T00:00:00-04:00,81.25,81.94,82.25,81.11,1238900.0
2023-08-10T00:00:00-04:00,80.73,82.24,82.43,80.37,1217800.0
2023-08-11T00:00:00-04:00,80.84,79.99,80.88,79.5,1422500.0
2023-08-14T00:00:00-04:00,81.31,80.74,81.56,80.22,1003800.0
2023-08-15T00:00:00-04:00,79.87,80.6,80.9,79.62,1097200.0
2023-08-16T00:00:00-04:00,79.37,80.0,80.64,79.26,898000.0
2023-08-17T00:00:00-04:00,77.88,79.53,79.67,77.77,1063100.0
2023-08-18T00:00:00-04:00,78.29,77.41,78.59,77.17,1230800.0
2023-08-21T00:00:00-04:00,78.52,78.05,78.99,77.84,1126200.0
2023-08-22T00:00:00-04:00,79.08,78.78,79.44,78.62,836600.0
2023-08-23T00:00:00-04:00,80.32,79.4,80.75,79.14,986600.0
2023-08-24T00:00:00-04:00,79.56,80.78,81.17,79.5,1023700.0
2023-08-25T00:00:00-04:00,80.2,79.62,80.63,79.26,743400.0
2023-08-28T00:00:00-04:00,81.77,80.76,81.95,80.55,1021100.0
2023-08-29T00:00:00-04:00,82.37,81.72,82.72,81.37,1395500.0
2023-08-30T00:00:00-04:00,82.6,82.34,83.39,82.09,1259200.0
2023-08-31T00:00:00-04:00,81.99,82.47,82.82,81.94,2124200.0
2023-09-01T00:00:00-04:00,82.57,82.93,83.21,82.03,1731000.0
2023-09-05T00:00:00-04:00,83.08,81.15,83.75,81.15,1393800.0
2023-09-06T00:00:00-04:00,82.99,83.26,83.66,82.46,1504900.0
2023-09-07T00:00:00-04:00,83.62,82.92,83.84,82.79,1192553.0
2023-09-08T00:00:00-04:00,82.57,83.8,84.155,82.17,1192711.0
2023-09-11T00:00:00-04:00,82.41,82.86,82.89,81.91,1180368.0
2023-09-12T00:00:00-04:00,81.76,82.26,82.32,81.38,1320765.0
2023-09-13T00:00:00-04:00,81.04,81.76,82.04,80.96,1691770.0
2023-09-14T00:00:00-04:00,80.66,81.33,81.56,79.94,1889371.0
2023-09-15T00:00:00-04:00,79.12,80.74,80.85,78.34,4510206.0
2023-09-18T00:00:00-04:00,79.72,79.19,80.01,78.745,1182727.0
2023-09-19T00:00:00-04:00,80.06,79.67,80.17,78.91,1296526.0
2023-09-20T00:00:00-04:00,81.13,81.05,81.765,80.71,1939973.0
2023-09-21T00:00:00-04:00,78.23,80.5,80.5,78.07,2005688.0
2023-09-22T00:00:00-04:00,78.06,78.36,79.03,77.98,1325815.0
2023-09-25T00:00:00-04:00,78.12,77.83,78.64,77.4901,1100589.0
2023-09-26T00:00:00-04:00,76.3,78.0,78.11,76.025,1404117.0
2023-09-27T00:00:00-04:00,76.35,76.42,76.95,75.78,1332282.0
2023-09-28T00:00:00-04:00,76.81,76.56,77.4,76.1,1106886.0
2023-09-29T00:00:00-04:00,76.89,77.28,78.065,76.53,1599935.0
2023-10-02T00:00:00-04:00,75.97,76.78,77.13,75.32,1553227.0
2023-10-03T00:00:00-04:00,75.16,76.09,76.96,74.66,1602146.0
2023-10-04T00:00:00-04:00,76.43,75.26,76.625,74.95,1344619.0
2023-10-05T00:00:00-04:00,79.49,76.67,79.625,76.44,2578721.0
2023-10-06T00:00:00-04:00,80.64,78.63,81.2,78.04,2284729.0
2023-10-09T00:00:00-04:00,81.57,80.03,81.91,79.9,1350778.0
2023-10-10T00:00:00-04:00,82.0,81.41,82.83,81.06,1528076.0
2023-10-11T00:00:00-04:00,81.87,82.23,82.63,80.84,1629776.0
2023-10-12T00:00:00-04:00,80.18,82.05,82.63,79.78,1195127.0
2023-10-13T00:00:00-04:00,80.3,80.48,80.68,79.38,1196001.0
2023-10-16T00:00:00-04:00,81.62,81.85,81.92,80.15,1539250.0
2023-10-17T00:00:00-04:00,79.8,80.8,81.57,79.75,1569273.0
2023-10-18T00:00:00-04:00,77.66,79.51,79.705,77.515,1672775.0
2023-10-19T00:00:00-04:00,73.94,78.23,78.52,73.78,2731531.0
2023-10-20T00:00:00-04:00,73.84,73.94,74.43,72.82,2729659.0
2023-10-23T00:00:00-04:00,73.25,73.77,74.13,73.03,2184584.0
2023-10-24T00:00:00-04:00,74.17,73.75,74.31,72.95,3232405.0
2023-10-25T00:00:00-04:00,70.91,68.0,71.3,67.35,7453860.0
2023-10-26T00:00:00-04:00,70.86,70.91,72.47,70.455,2853418.0
2023-10-27T00:00:00-04:00,70.58,70.56,71.17,69.68,2436285.0
2023-10-30T00:00:00-04:00,70.79,71.28,71.32,69.43,1928215.0
2023-10-31T00:00:00-04:00,73.41,71.1,74.16,71.005,3544448.0
2023-11-01T00:00:00-04:00,73.67,73.38,73.81,72.295,2173467.0
2023-11-02T00:00:00-04:00,74.02,74.34,75.09,73.84,2147864.0
2023-11-03T00:00:00-04:00,77.38,75.42,77.78,75.42,1598339.0
2023-11-06T00:00:00-05:00,77.03,77.21,77.37,76.13,1303776.0
2023-11-07T00:00:00-05:00,77.94,77.3,78.275,76.93,1461316.0
2023-11-08T00:00:00-05:00,77.24,78.4,78.4,76.99,1281461.0
2023-11-09T00:00:00-05:00,77.61,77.17,78.22,76.71,3224680.0
2023-11-10T00:00:00-05:00,79.65,78.0,79.82,77.14,3198779.0
2023-11-13T00:00:00-05:00,78.53,79.23,79.5545,77.975,1560396.0
2023-11-14T00:00:00-05:00,82.74,80.71,82.86,80.435,2248776.0
2023-11-15T00:00:00-05:00,82.26,83.05,83.937,82.17,1826351.0
2023-11-16T00:00:00-05:00,82.24,82.7,83.65,81.585,1261486.0
2023-11-17T00:00:00-05:00,82.73,83.0,83.0,81.95,1518371.0
2023-11-20T00:00:00-05:00,83.0,82.77,83.18,82.08,2208793.0
2023-11-21T00:00:00-05:00,83.29,82.93,83.88,82.63,1347175.0
2023-11-22T00:00:00-05:00,83.85,84.03,84.54,83.7,1141125.0
2023-11-24T00:00:00-05:00,84.78,83.77,84.8,83.31,576735.0
2023-11-27T00:00:00-05:00,84.27,84.39,84.755,83.84,1476524.0
2023-11-28T00:00:00-05:00,83.6,84.14,84.22,83.43,1172005.0
2023-11-29T00:00:00-05:00,83.94,83.98,84.61,83.6,1362972.0
2023-11-30T00:00:00-05:00,83.04,83.95,84.21,82.47,4284443.0
2023-12-01T00:00:00-05:00,85.28,82.76,85.52,82.76,2001517.0
2023-12-04T00:00:00-05:00,85.23,84.93,85.72,83.65,1854646.0
2023-12-05T00:00:00-05:00,84.15,84.81,85.03,83.22,1685343.0
2023-12-06T00:00:00-05:00,83.79,84.89,85.1,83.69,1614325.0
2023-12-07T00:00:00-05:00,82.58,84.3,84.58,81.97,2165395.0
2023-12-08T00:00:00-05:00,82.39,81.89,82.79,81.72,1933030.0
2023-12-11T00:00:00-05:00,84.01,83.04,84.7,82.74,2817262.0
2023-12-12T00:00:00-05:00,84.88,84.46,84.93,83.29,1792677.0
2023-12-13T00:00:00-05:00,86.07,85.21,86.63,82.84,2356235.0
2023-12-14T00:00:00-05:00,88.25,87.15,89.07,86.73,3511163.0
2023-12-15T00:00:00-05:00,87.57,88.33,88.62,86.78,5078206.0
2023-12-18T00:00:00-05:00,88.25,88.8,89.11,87.43,1364941.0
2023-12-19T00:00:00-05:00,88.02,88.86,89.06,87.59,1819358.0
2023-12-20T00:00:00-05:00,86.5,88.06,88.27,86.44,2044210.0
2023-12-21T00:00:00-05:00,87.07,87.44,87.7,86.47,1278559.0
2023-12-22T00:00:00-05:00,87.47,87.39,87.8,86.59,1547147.0
2023-12-26T00:00:00-05:00,87.53,87.65,87.84,87.12,1058507.0
2023-12-27T00:00:00-05:00,87.58,87.56,87.58,86.66,1698240.0
2023-12-28T00:00:00-05:00,88.01,87.82,88.21,87.45,1133481.0
2023-12-29T00:00:00-05:00,87.39,87.61,88.09,87.02,1163995.0
2024-01-02T00:00:00-05:00,85.46,86.87,86.87,84.24,1974867.0
2024-01-03T00:00:00-05:00,82.77,85.25,85.25,82.72,1984639.0
2024-01-04T00:00:00-05:00,81.42,82.37,82.96,81.31,1916753.0
2024-01-05T00:00:00-05:00,81.34,81.12,81.88,80.48,1471008.0
2024-01-08T00:00:00-05:00,82.9,82.3,82.97,81.27,1644382.0
2024-01-09T00:00:00-05:00,83.72,82.0,84.26,81.7,1536062.0
2024-01-10T00:00:00-05:00,82.71,83.24,83.49,82.28,1477616.0
2024-01-11T00:00:00-05:00,82.11,82.47,82.75,81.0,1749120.0
2024-01-12T00:00:00-05:00,83.4,83.03,83.62,82.43,1261879.0
2024-01-16T00:00:00-05:00,81.76,82.48,82.65,81.3,1655292.0
2024-01-17T00:00:00-05:00,81.69,80.81,81.81,80.17,1546855.0
2024-01-18T00:00:00-05:00,81.83,81.81,82.34,81.3,1743073.0
2024-01-19T00:00:00-05:00,82.33,82.16,83.0,81.46,3414791.0
2024-01-22T00:00:00-05:00,83.29,82.9,84.62,82.76,1499588.0
2024-01-23T00:00:00-05:00,83.86,83.71,84.05,82.63,1363647.0
2024-01-24T00:00:00-05:00,83.76,84.7,84.73,83.68,1436734.0
2024-01-25T00:00:00-05:00,84.61,84.5,85.28,84.07,1357657.0
2024-01-26T00:00:00-05:00,85.09,84.98,85.68,84.65,1299674.0
2024-01-29T00:00:00-05:00,86.29,84.72,86.3,84.66,1572319.0
2024-01-30T00:00:00-05:00,85.24,85.56,86.18,85.0,998413.0
2024-01-31T00:00:00-05:00,83.48,85.21,85.77,83.34,1946622.0
2024-02-01T00:00:00-05:00,84.6,83.88,85.06,82.89,1694944.0
2024-02-02T00:00:00-05:00,83.94,83.72,84.44,82.64,2197000.0
2024-02-05T00:00:00-05:00,81.76,83.25,83.25,80.18,1778012.0
2024-02-06T00:00:00-05:00,83.88,81.87,83.92,81.82,1456795.0
2024-02-07T00:00:00-05:00,85.13,84.58,85.73,83.92,2024563.0
2024-02-08T00:00:00-05:00,81.77,84.84,85.31,81.28,2245325.0
2024-02-09T00:00:00-05:00,83.13,82.08,83.46,80.51,4207958.0
2024-02-12T00:00:00-05:00,82.88,83.13,84.28,82.83,2145870.0
2024-02-13T00:00:00-05:00,81.64,81.59,81.73,80.02,2890503.0
2024-02-14T00:00:00-05:00,82.32,82.0,82.68,81.34,1673944.0
2024-02-15T00:00:00-05:00,82.96,82.84,83.76,82.57,1663600.0
2024-02-16T00:00:00-05:00,81.4,82.29,82.47,81.32,1720300.0
2024-02-20T00:00:00-05:00,81.24,81.06,81.31,79.82,3054262.0
2024-02-21T00:00:00-05:00,83.98,82.73,84.07,81.29,5361723.0
2024-02-22T00:00:00-05:00,82.47,84.37,86.75,81.62,4683831.0
2024-02-23T00:00:00-05:00,84.79,82.82,85.38,82.75,3182748.0
2024-02-26T00:00:00-05:00,83.98,84.48,85.39,83.49,1749305.0
2024-02-27T00:00:00-05:00,84.89,84.01,86.03,83.89,1755260.0
2024-02-28T00:00:00-05:00,86.35,84.24,86.55,84.24,1756583.0
2024-02-29T00:00:00-05:00,87.03,86.1,87.49,85.86,2751327.0
2024-03-01T00:00:00-05:00,88.27,87.03,88.47,86.09,1902994.0
2024-03-04T00:00:00-05:00,88.59,88.37,89.37,86.97,1552858.0
2024-03-05T00:00:00-05:00,87.35,88.75,88.75,86.62,2521758.0
2024-03-06T00:00:00-05:00,87.68,87.21,87.93,86.65,1831702.0
2024-03-07T00:00:00-05:00,85.35,88.34,88.61,84.93,2385861.0
2024-03-08T00:00:00-05:00,86.11,85.78,86.92,85.42,2090443.0
2024-03-11T00:00:00-04:00,86.81,86.34,87.06,85.85,1637028.0
2024-03-12T00:00:00-04:00,87.13,86.52,87.43,86.04,1529975.0
2024-03-13T00:00:00-04:00,87.81,87.58,88.79,87.16,1607684.0
2024-03-14T00:00:00-04:00,87.87,88.55,88.57,86.54,2247041.0
2024-03-15T00:00:00-04:00,95.18,87.52,95.83,87.52,9555135.0
2024-03-18T00:00:00-04:00,96.15,96.33,100.38,95.8,5415428.0
2024-03-19T00:00:00-04:00,94.1,96.36,97.2,93.95,3071053.0
2024-03-20T00:00:00-04:00,96.31,95.03,96.88,94.09,2254716.0
2024-03-21T00:00:00-04:00,97.73,97.26,97.91,95.72,1932053.0
2024-03-22T00:00:00-04:00,95.72,97.73,97.73,95.57,1832799.0
2024-03-25T00:00:00-04:00,95.82,96.22,96.46,94.49,2056086.0
2024-03-26T00:00:00-04:00,95.18,96.34,96.66,94.75,2282195.0
2024-03-27T00:00:00-04:00,96.22,96.29,96.87,95.33,1278639.0
2024-03-28T00:00:00-04:00,96.6,96.7,97.64,96.13,2213505.0
2024-04-01T00:00:00-04:00,94.52,96.98,96.98,94.29,1272583.0
2024-04-02T00:00:00-04:00,93.17,94.43,94.43,92.72,1499572.0
2024-04-03T00:00:00-04:00,93.37,93.19,93.7,92.28,1182553.0
2024-04-04T00:00:00-04:00,91.81,94.44,95.52,91.76,1712060.0
2024-04-05T00:00:00-04:00,94.75,91.9,95.49,91.69,1725880.0
2024-04-08T00:00:00-04:00,94.22,95.11,95.32,93.72,1411339.0
2024-04-09T00:00:00-04:00,95.69,94.99,95.71,94.23,1156382.0
2024-04-10T00:00:00-04:00,90.65,92.64,92.88,89.6,2470164.0
2024-04-11T00:00:00-04:00,92.79,91.14,93.59,90.47,1632021.0
2024-04-12T00:00:00-04:00,90.34,92.03,92.21,89.96,1745123.0
2024-04-15T00:00:00-04:00,87.53,91.58,91.69,86.76,2585037.0
2024-04-16T00:00:00-04:00,86.29,87.35,87.73,85.65,2615134.0
2024-04-17T00:00:00-04:00,85.46,86.43,87.05,85.4,1239950.0
2024-04-18T00:00:00-04:00,84.18,85.96,86.19,84.13,1268049.0
2024-04-19T00:00:00-04:00,84.26,85.0,85.28,84.07,2067344.0
2024-04-22T00:00:00-04:00,85.31,83.38,86.27,83.16,3949888.0
2024-04-23T00:00:00-04:00,84.62,85.53,86.04,84.4,3027562.0
2024-04-24T00:00:00-04:00,91.95,92.53,93.94,88.83,4739698.0
2024-04-25T00:00:00-04:00,90.34,91.96,92.42,88.79,2781533.0
2024-04-26T00:00:00-04:00,92.65,89.93,93.27,89.8,2234096.0
2024-04-29T00:00:00-04:00,92.5,92.65,93.29,91.97,1770055.0
2024-04-30T00:00:00-04:00,91.53,92.84,92.84,91.03,2221649.0
2024-05-01T00:00:00-04:00,90.36,90.2,92.4,89.44,2030654.0
2024-05-02T00:00:00-04:00,89.76,90.62,90.62,88.87,1911264.0
2024-05-03T00:00:00-04:00,91.23,91.05,91.93,90.64,1244624.0
2024-05-06T00:00:00-04:00,91.3,91.52,91.95,90.61,1256989.0
2024-05-07T00:00:00-04:00,92.46,91.54,92.74,91.16,1151917.0
2024-05-08T00:00:00-04:00,90.32,92.01,92.18,90.06,1094700.0
2024-05-09T00:00:00-04:00,91.34,90.66,91.78,89.89,1121564.0
2024-05-10T00:00:00-04:00,89.88,90.97,91.24,89.83,1597175.0
2024-05-13T00:00:00-04:00,88.58,90.36,90.93,88.49,1464280.0
2024-05-14T00:00:00-04:00,87.78,89.08,89.84,87.36,1735600.0
2024-05-15T00:00:00-04:00,88.48,88.38,89.33,87.78,1659765.0
2024-05-16T00:00:00-04:00,88.13,88.65,89.29,88.07,1519321.0
2024-05-17T00:00:00-04:00,87.5,88.13,88.13,87.16,1461285.0
2024-05-20T00:00:00-04:00,87.52,87.63,87.63,86.0,1696787.0
2024-05-21T00:00:00-04:00,86.85,87.47,87.86,86.75,1172350.0
2024-05-22T00:00:00-04:00,87.19,86.94,87.67,86.5,1598461.0
2024-05-23T00:00:00-04:00,85.69,87.27,87.27,85.38,1611628.0
2024-05-24T00:00:00-04:00,85.93,85.76,87.04,85.3,1236252.0
2024-05-28T00:00:00-04:00,83.26,85.5,85.78,82.7,1956866.0
2024-05-29T00:00:00-04:00,80.13,82.26,82.39,80.01,2871756.0
2024-05-30T00:00:00-04:00,79.05,80.0,80.45,78.06,2607605.0
2024-05-31T00:00:00-04:00,78.17,79.28,79.73,77.37,2860923.0
2024-06-03T00:00:00-04:00,78.05,78.49,78.59,76.49,1951437.0
2024-06-04T00:00:00-04:00,78.62,78.02,79.29,78.02,2234808.0
2024-06-05T00:00:00-04:00,78.06,78.42,78.87,77.96,2509777.0
2024-06-06T00:00:00-04:00,77.05,77.82,78.14,76.76,3053136.0
2024-06-07T00:00:00-04:00,76.21,76.3,76.8,75.45,3343077.0
2024-06-10T00:00:00-04:00,76.43,76.15,76.72,75.71,2445037.0
2024-06-11T00:00:00-04:00,76.71,76.09,76.91,75.05,2059977.0
2024-06-12T00:00:00-04:00,77.64,78.86,79.83,77.33,2990079.0
2024-06-13T00:00:00-04:00,75.2,76.75,77.34,75.12,2526144.0
2024-06-14T00:00:00-04:00,73.93,75.0,75.36,73.77,2828109.0
2024-06-17T00:00:00-04:00,73.2,73.29,73.95,72.22,3753404.0
2024-06-18T00:00:00-04:00,72.73,73.58,73.7,71.9,3292511.0
2024-06-20T00:00:00-04:00,73.07,72.98,73.55,72.51,3657820.0
2024-06-21T00:00:00-04:00,73.94,73.31,74.22,72.88,6849073.0
2024-06-24T00:00:00-04:00,74.36,74.25,74.97,73.23,3262762.0
2024-06-25T00:00:00-04:00,73.9,74.03,74.27,72.8,2506943.0
2024-06-26T00:00:00-04:00,72.85,73.66,73.66,72.01,3447281.0
2024-06-27T00:00:00-04:00,74.26,72.68,74.27,72.56,2157671.0
2024-06-28T00:00:00-04:00,74.14,74.26,74.46,73.61,6440348.0
2024-07-01T00:00:00-04:00,73.88,73.93,74.38,73.22,2070494.0
2024-07-02T00:00:00-04:00,74.22,74.5,74.88,73.66,1696252.0
2024-07-03T00:00:00-04:00,73.83,74.15,74.44,73.51,1053471.0
2024-07-05T00:00:00-04:00,73.15,73.83,73.91,72.78,1428099.0
2024-07-08T00:00:00-04:00,72.63,73.17,73.92,72.5,1850689.0
2024-07-09T00:00:00-04:00,71.59,72.63,73.0,71.56,2844100.0
2024-07-10T00:00:00-04:00,71.84,71.99,71.99,70.86,3584276.0
2024-07-11T00:00:00-04:00,75.2,73.49,75.67,72.97,3488607.0
2024-07-12T00:00:00-04:00,75.79,75.49,76.68,74.67,2584254.0
2024-07-15T00:00:00-04:00,76.01,75.42,76.75,74.86,2381871.0
2024-07-16T00:00:00-04:00,76.97,76.09,76.97,75.54,1677758.0
2024-07-17T00:00:00-04:00,75.92,76.53,77.18,75.66,2622617.0
2024-07-18T00:00:00-04:00,75.27,75.62,76.67,74.85,1857917.0
2024-07-19T00:00:00-04:00,74.4,75.22,75.58,73.65,1862652.0
2024-07-22T00:00:00-04:00,75.51,74.13,75.6,73.85,2905620.0
2024-07-23T00:00:00-04:00,74.84,76.29,76.77,74.57,3549614.0
2024-07-24T00:00:00-04:00,76.35,75.36,81.63,73.03,8515100.0
2024-07-25T00:00:00-04:00,77.84,75.87,78.91,75.0,3764624.0
2024-07-26T00:00:00-04:00,78.51,78.63,79.34,77.78,2360609.0
2024-07-29T00:00:00-04:00,78.79,79.13,79.9,78.03,1632151.0
2024-07-30T00:00:00-04:00,78.48,79.16,79.36,77.74,1759643.0
2024-07-31T00:00:00-04:00,78.02,78.64,80.04,77.78,2240900.0
2024-08-01T00:00:00-04:00,77.14,78.11,78.35,76.11,2005300.0
2024-08-02T00:00:00-04:00,75.27,77.05,77.91,74.75,2988547.0
2024-08-05T00:00:00-04:00,72.7,77.33,77.34,72.56,3682528.0
2024-08-06T00:00:00-04:00,73.56,72.38,74.87,72.32,2834205.0
2024-08-07T00:00:00-04:00,73.94,73.91,76.22,73.81,2118173.0
2024-08-08T00:00:00-04:00,73.95,74.05,74.97,73.44,2146200.0
2024-08-09T00:00:00-04:00,73.88,73.69,74.19,72.92,1417300.0
2024-08-12T00:00:00-04:00,72.03,73.82,73.82,71.69,1822600.0
2024-08-13T00:00:00-04:00,73.17,72.14,73.64,71.79,2491278.0
2024-08-14T00:00:00-04:00,73.54,73.1,74.03,72.75,1764030.0
2024-08-15T00:00:00-04:00,74.55,73.98,74.77,73.46,1595367.0
2024-08-16T00:00:00-04:00,74.04,74.55,74.73,73.38,1958200.0
2024-08-19T00:00:00-04:00,74.91,74.04,74.92,74.01,1474300.0
2024-08-20T00:00:00-04:00,74.84,75.23,75.47,74.38,1834308.0
2024-08-21T00:00:00-04:00,75.59,75.16,75.65,74.84,1356600.0
2024-08-22T00:00:00-04:00,75.55,75.94,76.18,75.02,1147104.0
2024-08-23T00:00:00-04:00,76.99,75.86,78.39,75.86,1621700.0
2024-08-26T00:00:00-04:00,77.85,77.45,78.59,77.45,1546083.0
2024-08-27T00:00:00-04:00,77.17,77.52,77.75,76.49,1201320.0
2024-08-28T00:00:00-04:00,76.53,77.25,77.26,75.9,1530485.0
2024-08-29T00:00:00-04:00,77.11,76.89,78.07,76.41,1652500.0
2024-08-30T00:00:00-04:00,77.3,77.68,78.02,76.5,1596227.0
2024-09-03T00:00:00-04:00,75.93,76.82,77.52,75.33,3116848.0
2024-09-04T00:00:00-04:00,77.2,76.01,77.33,76.01,1760111.0
2024-09-05T00:00:00-04:00,77.36,77.67,77.77,76.17,1232219.0
2024-09-06T00:00:00-04:00,77.45,77.77,79.17,77.11,1880900.0
2024-09-09T00:00:00-04:00,79.53,77.66,80.0,76.92,1752058.0
2024-09-10T00:00:00-04:00,79.2,79.77,79.85,77.58,1904900.0
2024-09-11T00:00:00-04:00,79.61,78.76,79.75,77.0,2163900.0
2024-09-12T00:00:00-04:00,77.97,79.4,79.76,76.94,1904568.0
2024-09-13T00:00:00-04:00,78.87,77.68,79.19,77.61,1373648.0
2024-09-16T00:00:00-04:00,77.9,79.86,80.45,77.84,1670800.0
2024-09-17T00:00:00-04:00,75.73,78.33,78.64,75.66,2853614.0
2024-09-18T00:00:00-04:00,76.85,75.82,77.21,73.84,3632033.0
2024-09-19T00:00:00-04:00,79.29,78.88,80.28,78.6,3083616.0
2024-09-20T00:00:00-04:00,77.37,78.99,79.0,76.73,2934142.0
2024-09-23T00:00:00-04:00,77.37,77.8,78.27,76.99,1546419.0
2024-09-24T00:00:00-04:00,76.34,77.02,77.41,76.3,1868130.0
2024-09-25T00:00:00-04:00,73.7,76.35,76.35,73.59,1983027.0
2024-09-26T00:00:00-04:00,74.73,75.5,75.51,73.78,4035800.0
2024-09-27T00:00:00-04:00,75.01,75.46,76.23,74.87,1634700.0
2024-09-30T00:00:00-04:00,75.44,74.95,75.67,74.45,2023905.0
2024-10-01T00:00:00-04:00,74.65,75.36,75.44,73.76,1613000.0
2024-10-02T00:00:00-04:00,75.11,73.87,75.19,73.7,3182859.0
2024-10-03T00:00:00-04:00,73.9,74.44,74.92,73.89,1176518.0
2024-10-04T00:00:00-04:00,74.1,74.44,74.58,73.15,2048800.0
2024-10-07T00:00:00-04:00,73.3,73.99,74.21,72.76,1532507.0
2024-10-08T00:00:00-04:00,75.15,73.22,76.73,73.22,1715692.0
2024-10-09T00:00:00-04:00,75.7,75.11,76.17,74.78,1650070.0
2024-10-10T00:00:00-04:00,74.83,74.88,75.56,74.26,2016900.0
2024-10-11T00:00:00-04:00,76.27,74.9,76.91,74.89,2339300.0
2024-10-14T00:00:00-04:00,77.34,76.68,77.41,75.97,2088066.0
2024-10-15T00:00:00-04:00,78.22,77.41,78.83,77.31,2019014.0
2024-10-16T00:00:00-04:00,77.23,78.28,78.77,76.21,2764797.0
2024-10-17T00:00:00-04:00,78.33,77.3,78.52,76.79,2791222.0
2024-10-18T00:00:00-04:00,79.25,78.47,79.78,77.93,2718136.0
2024-10-21T00:00:00-04:00,77.36,78.49,79.27,77.0,2546815.0
2024-10-22T00:00:00-04:00,76.87,77.57,77.74,75.99,2881600.0
2024-10-23T00:00:00-04:00,72.82,72.44,72.96,68.26,14631266.0
2024-10-24T00:00:00-04:00,73.91,72.56,74.84,71.63,7892325.0
2024-10-25T00:00:00-04:00,74.48,74.39,75.62,73.86,4795674.0
2024-10-28T00:00:00-04:00,74.31,74.97,75.47,73.49,5792027.0
2024-10-29T00:00:00-04:00,73.24,75.22,75.61,73.2,2984841.0
2024-10-30T00:00:00-04:00,73.46,73.3,74.29,73.09,2447900.0
2024-10-31T00:00:00-04:00,72.79,73.42,74.18,72.79,2342900.0
2024-11-01T00:00:00-04:00,72.5,72.71,73.75,71.96,1926900.0
2024-11-04T00:00:00-05:00,73.83,72.69,74.41,72.68,2681400.0
2024-11-05T00:00:00-05:00,75.34,74.02,75.91,73.71,2419554.0
2024-11-06T00:00:00-05:00,74.87,76.89,76.99,74.35,3496900.0
2024-11-07T00:00:00-05:00,76.3,74.8,76.91,74.74,2602613.0
2024-11-08T00:00:00-05:00,77.39,76.5,77.64,76.49,2277981.0
2024-11-11T00:00:00-05:00,75.87,77.86,78.0,75.85,3044960.0
2024-11-12T00:00:00-05:00,75.41,75.7,76.16,75.11,2535016.0
2024-11-13T00:00:00-05:00,75.77,75.46,76.33,75.34,1736636.0
2024-11-14T00:00:00-05:00,75.04,75.46,76.36,74.85,2697507.0
2024-11-15T00:00:00-05:00,71.25,74.96,74.98,71.06,3569653.0
2024-11-18T00:00:00-05:00,73.35,71.35,73.47,70.77,3527538.0
2024-11-19T00:00:00-05:00,72.09,72.87,73.3,71.96,2026207.0
2024-11-20T00:00:00-05:00,76.27,71.52,76.46,71.51,4391412.0
2024-11-21T00:00:00-05:00,77.0,76.82,77.2,74.9,2001125.0
2024-11-22T00:00:00-05:00,79.81,76.9,80.61,76.9,3842535.0
2024-11-25T00:00:00-05:00,80.28,80.87,81.75,79.8,3044944.0
2024-11-26T00:00:00-05:00,79.92,80.41,81.14,79.48,1913802.0
2024-11-27T00:00:00-05:00,81.97,80.53,82.23,80.17,1754033.0
2024-11-29T00:00:00-05:00,81.34,82.36,82.49,81.1,1063000.0
2024-12-02T00:00:00-05:00,80.07,80.7,81.23,79.92,1550882.0
2024-12-03T00:00:00-05:00,80.15,79.27,80.64,79.09,1524302.0
2024-12-04T00:00:00-05:00,79.75,80.17,80.85,79.58,2079131.0
2024-12-05T00:00:00-05:00,77.03,79.38,79.49,74.36,3286664.0
2024-12-06T00:00:00-05:00,77.32,77.4,78.36,77.04,2480749.0
2024-12-09T00:00:00-05:00,78.65,77.36,79.11,77.06,2335936.0
2024-12-10T00:00:00-05:00,76.43,78.46,78.46,76.08,2003203.0
2024-12-11T00:00:00-05:00,77.58,77.14,78.13,76.89,1673768.0
2024-12-12T00:00:00-05:00,78.25,77.72,78.52,76.91,1533174.0
2024-12-13T00:00:00-05:00,75.07,77.69,78.12,74.59,2325200.0
2024-12-16T00:00:00-05:00,75.22,75.05,77.0,74.37,2371023.0
2024-12-17T00:00:00-05:00,73.13,74.76,76.45,73.08,2823144.0
2024-12-18T00:00:00-05:00,70.77,73.12,74.26,70.76,4020400.0
2024-12-19T00:00:00-05:00,69.84,70.65,72.1,69.75,3860966.0
2024-12-20T00:00:00-05:00,71.44,69.89,71.86,69.61,7036135.0
2024-12-23T00:00:00-05:00,72.74,70.12,72.86,70.11,2638063.0
2024-12-24T00:00:00-05:00,72.95,72.33,73.0,71.93,1159700.0
2024-12-26T00:00:00-05:00,73.1,72.38,73.52,71.8,1293000.0
2024-12-27T00:00:00-05:00,72.22,72.28,72.8,71.69,1702431.0
2024-12-30T00:00:00-05:00,71.82,71.69,72.4,71.0,2352400.0
2024-12-31T00:00:00-05:00,71.59,72.04,72.49,70.74,2125000.0
2025-01-02T00:00:00-05:00,70.83,72.17,72.94,70.5,2471661.0
2025-01-03T00:00:00-05:00,72.25,70.86,72.4,70.7,1848700.0
2025-01-06T00:00:00-05:00,71.21,72.16,73.0,71.13,1953079.0
2025-01-07T00:00:00-05:00,70.36,71.22,72.21,70.28,2098577.0
2025-01-08T00:00:00-05:00,71.34,70.63,71.61,70.29,2214489.0
2025-01-10T00:00:00-05:00,69.87,70.33,70.74,69.44,2769300.0
2025-01-13T00:00:00-05:00,69.29,69.81,70.1,68.77,2735738.0
2025-01-14T00:00:00-05:00,69.61,69.43,70.21,68.41,3775900.0
2025-01-15T00:00:00-05:00,73.22,71.14,74.38,71.14,3786658.0
2025-01-16T00:00:00-05:00,73.42,73.16,73.55,71.82,2226100.0
2025-01-17T00:00:00-05:00,73.85,75.06,75.06,72.99,2189300.0
2025-01-21T00:00:00-05:00,74.16,74.45,74.99,73.97,2194298.0
2025-01-22T00:00:00-05:00,74.01,74.16,75.04,73.51,2098800.0
2025-01-23T00:00:00-05:00,74.38,73.6,74.95,73.16,2135251.0
2025-01-24T00:00:00-05:00,74.16,74.0,75.41,73.11,1702785.0
2025-01-27T00:00:00-05:00,76.44,73.52,76.53,73.49,2307500.0
2025-01-28T00:00:00-05:00,76.12,75.87,77.54,75.72,3048035.0
2025-01-29T00:00:00-05:00,75.65,76.28,76.8,75.46,1896620.0
2025-01-30T00:00:00-05:00,76.52,76.81,77.53,75.91,1543491.0
2025-01-31T00:00:00-05:00,76.6,76.19,77.43,76.06,2620807.0
2025-02-03T00:00:00-05:00,76.8,76.52,77.9,76.08,2823303.0
2025-02-04T00:00:00-05:00,77.46,76.51,78.1,76.23,2808904.0
2025-02-05T00:00:00-05:00,77.72,76.62,77.96,75.64,3129435.0
2025-02-06T00:00:00-05:00,78.19,78.09,78.39,77.09,2023300.0
2025-02-07T00:00:00-05:00,77.25,78.39,78.39,77.17,2224443.0
2025-02-10T00:00:00-05:00,76.97,77.72,77.72,76.52,1927941.0
2025-02-11T00:00:00-05:00,76.0,76.21,77.0,75.29,1975365.0
2025-02-12T00:00:00-05:00,73.27,74.11,74.53,72.86,2595800.0
2025-02-13T00:00:00-05:00,73.56,73.43,74.02,72.52,2901000.0
2025-02-14T00:00:00-05:00,74.06,74.1,74.46,73.32,3413100.0
2025-02-18T00:00:00-05:00,75.46,74.36,75.62,73.9,5453500.0
2025-02-19T00:00:00-05:00,79.21,72.83,79.32,72.5,7407900.0
2025-02-20T00:00:00-05:00,78.33,79.21,79.45,77.91,4804700.0
2025-02-21T00:00:00-05:00,76.79,78.33,79.04,76.49,4667024.0
2025-02-24T00:00:00-05:00,77.49,77.44,77.85,76.34,4316408.0
2025-02-25T00:00:00-05:00,77.6,77.47,77.79,76.88,3584470.0
2025-02-26T00:00:00-05:00,76.92,77.23,78.6,76.83,3574300.0
2025-02-27T00:00:00-05:00,74.36,76.64,76.68,73.65,4277463.0
2025-02-28T00:00:00-05:00,76.25,75.63,76.4,74.14,6197320.0
2025-03-03T00:00:00-05:00,75.39,76.01,77.35,75.2,6448100.0
2025-03-04T00:00:00-05:00,75.58,75.15,76.0,74.08,6322082.0
2025-03-05T00:00:00-05:00,77.81,75.22,78.2,75.21,5482500.0
2025-03-06T00:00:00-05:00,76.86,77.06,78.57,76.77,5227357.0
2025-03-07T00:00:00-05:00,79.39,76.68,79.67,75.79,3741042.0
2025-03-10T00:00:00-04:00,79.91,79.63,83.03,79.19,4751936.0
2025-03-11T00:00:00-04:00,76.87,79.9,80.05,76.73,4279100.0
2025-03-12T00:00:00-04:00,76.86,76.92,77.22,75.69,3845036.0
2025-03-13T00:00:00-04:00,75.44,76.62,77.57,75.21,3124235.0
2025-03-14T00:00:00-04:00,78.73,76.43,78.92,75.78,2874400.0
2025-03-17T00:00:00-04:00,80.15,78.67,80.77,78.65,4154948.0
2025-03-18T00:00:00-04:00,78.36,79.39,80.47,78.3,2733785.0
2025-03-19T00:00:00-04:00,79.4,78.23,80.01,77.96,2856900.0
2025-03-20T00:00:00-04:00,79.02,78.69,79.85,78.34,2167945.0
2025-03-21T00:00:00-04:00,78.46,78.52,78.72,77.35,4383943.0
2025-03-24T00:00:00-04:00,80.14,79.39,80.68,79.04,2266242.0
2025-03-25T00:00:00-04:00,80.23,79.82,80.69,79.57,1608014.0
2025-03-26T00:00:00-04:00,80.37,80.44,81.16,79.97,1938813.0
2025-03-27T00:00:00-04:00,80.13,80.39,80.86,79.47,2453100.0
2025-03-28T00:00:00-04:00,79.31,80.13,80.2,78.57,2545039.0
2025-03-31T00:00:00-04:00,79.23,79.1,79.76,78.26,2976928.0
2025-04-01T00:00:00-04:00,79.18,78.79,80.26,78.33,2411300.0
2025-04-02T00:00:00-04:00,79.92,78.11,80.3,78.0,2448494.0
2025-04-03T00:00:00-04:00,76.35,79.8,79.8,76.11,3958220.0
2025-04-04T00:00:00-04:00,72.62,75.93,76.0,72.55,3882100.0
2025-04-07T00:00:00-04:00,75.75,76.5,77.95,72.21,7732091.0
2025-04-08T00:00:00-04:00,73.23,74.53,77.16,72.27,5310607.0
2025-04-09T00:00:00-04:00,78.7,72.24,79.2,71.21,5874819.0
2025-04-10T00:00:00-04:00,75.42,77.3,77.3,72.9,3889654.0
2025-04-11T00:00:00-04:00,77.39,75.27,77.74,74.43,2224802.0
2025-04-14T00:00:00-04:00,79.53,77.7,79.89,76.9,2314400.0
2025-04-15T00:00:00-04:00,80.51,79.67,81.07,79.67,2596039.0
2025-04-16T00:00:00-04:00,79.02,79.84,80.49,78.09,2715700.0
2025-04-17T00:00:00-04:00,79.7,79.75,80.26,79.01,2033950.0
2025-04-21T00:00:00-04:00,77.81,78.61,79.2,76.92,3355108.0
2025-04-22T00:00:00-04:00,80.87,78.21,81.2,78.21,3339123.0
2025-04-23T00:00:00-04:00,81.83,82.01,83.68,81.64,3089600.0
2025-04-24T00:00:00-04:00,83.22,81.83,83.6,81.35,2308400.0
2025-04-25T00:00:00-04:00,82.82,82.76,83.49,81.88,2295400.0
2025-04-28T00:00:00-04:00,81.74,82.92,83.48,81.1,3945225.0
2025-04-29T00:00:00-04:00,82.7,81.16,83.0,80.4,5675438.0
2025-04-30T00:00:00-04:00,74.17,81.34,81.5,73.99,12497425.0
2025-05-01T00:00:00-04:00,76.58,74.74,77.28,73.94,5046009.0
2025-05-02T00:00:00-04:00,77.96,77.81,78.56,77.3,3253000.0
2025-05-05T00:00:00-04:00,77.1,77.31,78.53,76.95,2345720.0
2025-05-06T00:00:00-04:00,74.59,76.41,76.66,74.52,2672807.0
2025-05-07T00:00:00-04:00,75.34,74.6,75.67,74.02,3083931.0
2025-05-08T00:00:00-04:00,75.85,75.72,76.89,75.22,2326054.0
2025-05-09T00:00:00-04:00,74.57,75.93,76.07,74.17,2300033.0
2025-05-12T00:00:00-04:00,75.38,76.72,76.78,73.97,3687134.0
2025-05-13T00:00:00-04:00,75.18,75.37,76.09,74.9,2819600.0
2025-05-14T00:00:00-04:00,75.69,75.17,76.33,74.88,2698812.0
2025-05-15T00:00:00-04:00,76.05,75.88,76.28,75.12,2670135.0
2025-05-16T00:00:00-04:00,76.99,76.62,77.25,75.85,2618993.0
2025-05-19T00:00:00-04:00,76.91,75.96,77.2,75.77,2939054.0
2025-05-20T00:00:00-04:00,76.37,76.22,77.12,76.06,3421743.0
2025-05-21T00:00:00-04:00,73.96,75.76,76.37,73.96,3073446.0
2025-05-22T00:00:00-04:00,74.14,73.95,74.7,73.29,2980808.0
2025-05-23T00:00:00-04:00,73.99,73.39,74.08,73.25,1900400.0
2025-05-27T00:00:00-04:00,74.61,75.11,75.25,74.24,2720500.0
2025-05-28T00:00:00-04:00,74.24,74.66,75.0,74.15,1870700.0
2025-05-29T00:00:00-04:00,74.07,74.49,74.83,73.46,2135685.0
2025-05-30T00:00:00-04:00,73.56,74.0,74.01,71.94,6147200.0
2025-06-02T00:00:00-04:00,73.27,72.84,73.41,71.35,2694800.0
2025-06-03T00:00:00-04:00,75.69,72.84,75.75,72.84,3022000.0
2025-06-04T00:00:00-04:00,77.06,75.8,77.15,75.31,3168388.0
2025-06-05T00:00:00-04:00,78.2,77.21,79.99,77.07,3391747.0
2025-06-06T00:00:00-04:00,78.52,78.74,79.34,78.27,2102100.0
2025-06-09T00:00:00-04:00,78.92,78.79,79.56,77.92,1940344.0
2025-06-10T00:00:00-04:00,81.07,79.1,81.12,79.04,2611726.0
2025-06-11T00:00:00-04:00,81.79,81.0,82.3,80.74,3457127.0
2025-06-12T00:00:00-04:00,82.37,81.9,83.48,81.71,2928664.0
2025-06-13T00:00:00-04:00,81.16,81.35,82.0,80.53,2666740.0
2025-06-16T00:00:00-04:00,81.94,81.77,82.89,81.49,2502200.0
2025-06-17T00:00:00-04:00,79.89,81.74,81.97,79.73,3725400.0
2025-06-18T00:00:00-04:00,79.57,80.02,80.47,79.02,2977609.0
2025-06-20T00:00:00-04:00,79.65,80.24,80.98,79.48,4689600.0
2025-06-23T00:00:00-04:00,80.04,79.66,80.18,79.06,2688643.0
2025-06-24T00:00:00-04:00,81.0,80.63,81.6,80.07,2415030.0
2025-06-25T00:00:00-04:00,81.26,81.08,81.38,80.67,3012900.0
2025-06-26T00:00:00-04:00,81.5,81.6,81.84,80.51,2536600.0
2025-06-27T00:00:00-04:00,80.76,81.5,82.0,80.37,3554409.0
2025-06-30T00:00:00-04:00,80.4,80.68,81.14,79.94,2698387.0
2025-07-01T00:00:00-04:00,81.91,80.4,82.47,79.94,3548706.0
2025-07-02T00:00:00-04:00,81.42,81.57,81.78,80.62,2826900.0
2025-07-03T00:00:00-04:00,82.12,81.73,82.72,81.19,1046600.0
2025-07-07T00:00:00-04:00,81.6,81.73,81.92,80.51,2291416.0
2025-07-08T00:00:00-04:00,82.83,81.6,83.28,81.51,2825948.0
2025-07-09T00:00:00-04:00,84.5,82.83,84.55,82.69,2025908.0
2025-07-10T00:00:00-04:00,86.05,84.03,86.14,83.56,2521702.0
2025-07-11T00:00:00-04:00,85.43,85.3,85.81,84.76,2361800.0
2025-07-14T00:00:00-04:00,85.64,85.26,86.17,84.8,2006062.0
2025-07-15T00:00:00-04:00,84.09,85.87,86.45,84.04,1861925.0
2025-07-16T00:00:00-04:00,85.14,84.53,85.17,83.37,2004200.0
2025-07-17T00:00:00-04:00,84.95,85.25,85.88,84.76,2483728.0
2025-07-18T00:00:00-04:00,84.7,85.32,85.42,84.42,2046800.0
2025-07-21T00:00:00-04:00,85.01,85.24,85.53,84.8,2874200.0
2025-07-22T00:00:00-04:00,85.16,85.02,86.59,84.26,4521120.0
2025-07-23T00:00:00-04:00,91.0,88.24,91.13,88.24,6652500.0
2025-07-24T00:00:00-04:00,92.96,90.84,93.75,90.47,4461607.0
2025-07-25T00:00:00-04:00,92.97,93.38,93.65,92.33,2529700.0
2025-07-28T00:00:00-04:00,93.36,92.85,93.67,92.42,2619100.0
2025-07-29T00:00:00-04:00,95.59,93.69,95.66,93.49,3968882.0
2025-07-30T00:00:00-04:00,96.25,95.51,97.15,95.14,3576286.0
2025-07-31T00:00:00-04:00,95.19,96.1,96.73,94.77,3099593.0
2025-08-01T00:00:00-04:00,94.6,94.7,95.35,93.7,2841265.0
2025-08-04T00:00:00-04:00,96.83,95.53,96.88,94.96,2247743.0
2025-08-05T00:00:00-04:00,96.56,96.89,97.43,96.03,2878202.0
2025-08-06T00:00:00-04:00,96.29,97.19,97.4,96.08,2818862.0
2025-08-07T00:00:00-04:00,95.34,96.83,97.12,95.25,2185701.0
2025-08-08T00:00:00-04:00,94.5,95.53,96.27,94.33,2429530.0
2025-08-11T00:00:00-04:00,92.5,94.23,94.95,92.33,2477861.0
2025-08-12T00:00:00-04:00,88.46,92.82,92.99,87.78,5088579.0
2025-08-13T00:00:00-04:00,87.56,89.15,89.3,84.57,5494975.0
2025-08-14T00:00:00-04:00,87.97,87.34,89.32,87.17,2943620.0
2025-08-15T00:00:00-04:00,89.66,87.97,89.72,87.73,2534755.0
2025-08-18T00:00:00-04:00,88.16,89.27,89.5,88.1,2725642.0
2025-08-19T00:00:00-04:00,88.95,88.23,89.4,87.65,2452159.0
2025-08-20T00:00:00-04:00,88.25,89.0,89.56,88.21,2881769.0
2025-08-21T00:00:00-04:00,88.36,87.68,88.66,87.49,2065804.0
2025-08-22T00:00:00-04:00,91.22,88.52,91.5,88.52,2876300.0
2025-08-25T00:00:00-04:00,90.51,90.86,91.48,90.29,1687500.0
2025-08-26T00:00:00-04:00,89.37,90.37,90.59,88.83,2247228.0
2025-08-27T00:00:00-04:00,89.45,89.12,89.66,88.14,1877535.0
2025-08-28T00:00:00-04:00,90.33,89.52,90.6,88.71,1989000.0
2025-08-29T00:00:00-04:00,89.49,90.14,90.54,89.11,1974761.0
2025-09-02T00:00:00-04:00,88.12,88.87,88.98,87.48,2081200.0
2025-09-03T00:00:00-04:00,87.86,88.1,88.82,87.35,2066200.0
2025-09-04T00:00:00-04:00,89.1,88.16,89.16,87.55,1652884.0
2025-09-05T00:00:00-04:00,89.46,89.77,91.89,89.15,1666570.0
2025-09-08T00:00:00-04:00,88.06,89.16,91.01,87.84,2826633.0
2025-09-09T00:00:00-04:00,88.14,87.88,88.74,87.12,2625984.0
2025-09-10T00:00:00-04:00,86.3,88.26,88.33,85.13,3254024.0
2025-09-11T00:00:00-04:00,87.06,86.48,87.52,86.19,2322428.0
2025-09-12T00:00:00-04:00,86.8,86.68,87.39,86.43,1261443.0
2025-09-15T00:00:00-04:00,88.97,87.14,89.46,87.13,2954115.0
2025-09-16T00:00:00-04:00,88.13,88.63,88.84,87.22,2116033.0
2025-09-17T00:00:00-04:00,87.87,88.72,90.72,87.78,3011615.0
2025-09-18T00:00:00-04:00,89.26,87.91,89.56,87.51,2177142.0
2025-09-19T00:00:00-04:00,87.1,89.4,89.8,86.92,5822600.0
2025-09-22T00:00:00-04:00,86.31,86.7,86.99,85.27,2828004.0
2025-09-23T00:00:00-04:00,85.31,86.32,86.57,85.06,3309900.0
2025-09-24T00:00:00-04:00,84.05,85.56,85.6,83.86,2703819.0
2025-09-25T00:00:00-04:00,83.09,84.05,84.42,82.91,3275545.0
2025-09-26T00:00:00-04:00,83.99,83.09,84.41,82.79,3091205.0
2025-09-29T00:00:00-04:00,84.23,84.73,84.73,83.66,2394433.0
2025-09-30T00:00:00-04:00,84.37,84.22,84.86,83.15,3583420.0
2025-10-01T00:00:00-04:00,83.48,84.22,84.76,82.9,2856338.0
2025-10-02T00:00:00-04:00,83.9,83.2,84.52,82.58,2863325.0
2025-10-03T00:00:00-04:00,84.8,84.2,85.08,84.11,2671918.0
2025-10-06T00:00:00-04:00,81.15,85.11,85.24,80.58,4225129.0
2025-10-07T00:00:00-04:00,80.6,81.22,81.45,79.8,2364929.0
2025-10-08T00:00:00-04:00,79.0,80.45,80.55,78.6,4221279.0
2025-10-09T00:00:00-04:00,77.53,79.01,79.21,77.4,2609738.0
2025-10-10T00:00:00-04:00,75.58,77.43,77.82,75.39,3028500.0
2025-10-13T00:00:00-04:00,75.18,76.42,76.42,75.11,3160200.0
2025-10-14T00:00:00-04:00,75.73,74.56,76.09,74.5,3307603.0
2025-10-15T00:00:00-04:00,75.19,75.65,75.97,74.26,2913443.0
2025-10-16T00:00:00-04:00,74.35,75.63,76.32,73.97,2427614.0
2025-10-17T00:00:00-04:00,73.99,74.18,74.89,73.58,2916000.0
2025-10-20T00:00:00-04:00,74.96,74.02,75.03,73.92,1984600.0
2025-10-21T00:00:00-04:00,76.85,74.64,76.98,74.13,2897341.0
2025-10-22T00:00:00-04:00,77.19,77.0,78.13,76.46,2287200.0
2025-10-23T00:00:00-04:00,77.66,77.14,77.84,76.43,1823387.0
2025-10-24T00:00:00-04:00,77.89,78.14,78.72,77.58,2142508.0
2025-10-27T00:00:00-04:00,78.12,77.89,79.08,77.4,2804500.0
2025-10-28T00:00:00-04:00,78.23,77.88,78.95,77.4,3543923.0
2025-10-29T00:00:00-04:00,70.51,72.33,72.5,63.82,15475608.0
2025-10-30T00:00:00-04:00,69.64,70.66,70.76,68.4,5184631.0
2025-10-31T00:00:00-04:00,68.81,68.76,69.14,66.41,7020490.0
2025-11-03T00:00:00-05:00,69.38,67.85,70.24,67.79,7955895.0
2025-11-04T00:00:00-05:00,69.79,69.65,70.09,68.57,4498511.0
2025-11-05T00:00:00-05:00,70.44,69.46,70.63,69.21,3897903.0
2025-11-06T00:00:00-05:00,67.36,70.05,70.56,67.14,4764016.0
2025-11-07T00:00:00-05:00,67.52,67.38,68.34,66.59,4196327.0
